 ,Area,Mean,StdDev,Mode,Min,Max,X,Y,XM,YM,Perim.,Major,Minor,Angle,Circ.,Feret,IntDen,Median,Skew,Kurt,%Area,RawIntDen,Ch,FeretX,FeretY,FeretAngle,MinFeret,AR,Round,Solidity
1,0.00000,73,0,73,73,73,127.64284,169.52875,1286.00000,1708.00000,0,0.11200,0.11200,0,0.00000,0,0.71917,73,NaN,NaN,100,73,2,1286.00000,1708.00000,0,0,0.00000,0.00000,NaN
2,0.00000,74,0,74,74,74,132.78760,169.54529,1337.83337,1708.16663,0,0.11200,0.11200,0,0.00000,0,0.72903,74,NaN,NaN,100,74,2,1337.83337,1708.16663,0,0,0.00000,0.00000,NaN
3,0.00000,69,0,69,69,69,136.22846,167.56018,1372.50000,1688.16663,0,0.11200,0.11200,0,0.00000,0,0.67977,69,NaN,NaN,100,69,2,1372.50000,1688.16663,0,0,0.00000,0.00000,NaN
4,0.00000,70,0,70,70,70,140.99274,167.56018,1420.50000,1688.16663,0,0.11200,0.11200,0,0.00000,0,0.68962,70,NaN,NaN,100,70,2,1420.50000,1688.16663,0,0,0.00000,0.00000,NaN
5,0.00000,86,0,86,86,86,135.56676,173.11850,1365.83337,1744.16663,0,0.11200,0.11200,0,0.00000,0,0.84725,86,NaN,NaN,100,86,2,1365.83337,1744.16663,0,0,0.00000,0.00000,NaN
6,0.00000,83,0,83,83,83,140.99274,172.58914,1420.50000,1738.83337,0,0.11200,0.11200,0,0.00000,0,0.81769,83,NaN,NaN,100,83,2,1420.50000,1738.83337,0,0,0.00000,0.00000,NaN
7,0.00000,102,0,102,102,102,140.99274,177.08873,1420.50000,1784.16663,0,0.11200,0.11200,0,0.00000,0,1.00487,102,NaN,NaN,100,102,2,1420.50000,1784.16663,0,0,0.00000,0.00000,NaN
8,0.00000,97,0,97,97,97,134.24335,177.08873,1352.50000,1784.16663,0,0.11200,0.11200,0,0.00000,0,0.95561,97,NaN,NaN,100,97,2,1352.50000,1784.16663,0,0,0.00000,0.00000,NaN
9,0.00000,111,0,111,111,111,137.02251,181.32365,1380.50000,1826.83337,0,0.11200,0.11200,0,0.00000,0,1.09354,111,NaN,NaN,100,111,2,1380.50000,1826.83337,0,0,0.00000,0.00000,NaN
10,0.00000,128,0,128,128,128,139.27230,185.55855,1403.16663,1869.50000,0,0.11200,0.11200,0,0.00000,0,1.26102,128,NaN,NaN,100,128,2,1403.16663,1869.50000,0,0,0.00000,0.00000,NaN
11,0.00000,127,0,127,127,127,133.31696,185.16153,1343.16663,1865.50000,0,0.11200,0.11200,0,0.00000,0,1.25117,127,NaN,NaN,100,127,2,1343.16663,1865.50000,0,0,0.00000,0.00000,NaN
12,0.00000,101,0,101,101,101,122.99436,176.95639,1239.16663,1782.83337,0,0.11200,0.11200,0,0.00000,0,0.99502,101,NaN,NaN,100,101,2,1239.16663,1782.83337,0,0,0.00000,0.00000,NaN
13,0.00000,88,0,88,88,88,125.24417,172.85382,1261.83337,1741.50000,0,0.11200,0.11200,0,0.00000,0,0.86695,88,NaN,NaN,100,88,2,1261.83337,1741.50000,0,0,0.00000,0.00000,NaN
14,0.00000,100,0,100,100,100,114.92157,177.22107,1157.83337,1785.50000,0,0.11200,0.11200,0,0.00000,0,0.98517,100,NaN,NaN,100,100,2,1157.83337,1785.50000,0,0,0.00000,0.00000,NaN
15,0.00000,89,0,89,89,89,114.25986,173.11850,1151.16663,1744.16663,0,0.11200,0.11200,0,0.00000,0,0.87680,89,NaN,NaN,100,89,2,1151.16663,1744.16663,0,0,0.00000,0.00000,NaN
16,0.00000,159,0,159,159,159,133.58165,194.29305,1345.83337,1957.50000,0,0.11200,0.11200,0,0.00000,0,1.56642,159,NaN,NaN,100,159,2,1345.83337,1957.50000,0,0,0.00000,0.00000,NaN
17,0.00000,145,0,145,145,145,131.33184,190.98453,1323.16663,1924.16663,0,0.11200,0.11200,0,0.00000,0,1.42850,145,NaN,NaN,100,145,2,1323.16663,1924.16663,0,0,0.00000,0.00000,NaN
18,0.00000,158,0,158,158,158,129.61142,193.76369,1305.83337,1952.16663,0,0.11200,0.11200,0,0.00000,0,1.55657,158,NaN,NaN,100,158,2,1305.83337,1952.16663,0,0,0.00000,0.00000,NaN
19,0.00000,157,0,157,157,157,125.90587,194.55773,1268.50000,1960.16663,0,0.11200,0.11200,0,0.00000,0,1.54672,157,NaN,NaN,100,157,2,1268.50000,1960.16663,0,0,0.00000,0.00000,NaN
20,0.00000,160,0,160,160,160,122.33266,194.02838,1232.50000,1954.83337,0,0.11200,0.11200,0,0.00000,0,1.57627,160,NaN,NaN,100,160,2,1232.50000,1954.83337,0,0,0.00000,0.00000,NaN
21,0.00000,150,0,150,150,150,119.02414,192.17560,1199.16663,1936.16663,0,0.11200,0.11200,0,0.00000,0,1.47775,150,NaN,NaN,100,150,2,1199.16663,1936.16663,0,0,0.00000,0.00000,NaN
22,0.00000,156,0,156,156,156,114.78923,193.10199,1156.50000,1945.50000,0,0.11200,0.11200,0,0.00000,0,1.53686,156,NaN,NaN,100,156,2,1156.50000,1945.50000,0,0,0.00000,0.00000,NaN
23,0.00000,166,0,166,166,166,110.28963,197.20456,1111.16663,1986.83337,0,0.11200,0.11200,0,0.00000,0,1.63538,166,NaN,NaN,100,166,2,1111.16663,1986.83337,0,0,0.00000,0.00000,NaN
24,0.00000,169,0,169,169,169,108.03984,197.99861,1088.50000,1994.83337,0,0.11200,0.11200,0,0.00000,0,1.66494,169,NaN,NaN,100,169,2,1088.50000,1994.83337,0,0,0.00000,0.00000,NaN
25,0.00000,147,0,147,147,147,105.26068,192.44029,1060.50000,1938.83337,0,0.11200,0.11200,0,0.00000,0,1.44820,147,NaN,NaN,100,147,2,1060.50000,1938.83337,0,0,0.00000,0.00000,NaN
26,0.00000,141,0,141,141,141,107.51047,189.92580,1083.16663,1913.50000,0,0.11200,0.11200,0,0.00000,0,1.38909,141,NaN,NaN,100,141,2,1083.16663,1913.50000,0,0,0.00000,0.00000,NaN
27,0.00000,134,0,134,134,134,119.68585,187.94069,1205.83337,1893.50000,0,0.11200,0.11200,0,0.00000,0,1.32013,134,NaN,NaN,100,134,2,1205.83337,1893.50000,0,0,0.00000,0.00000,NaN
28,0.00000,91,0,91,91,91,120.74457,174.97128,1216.50000,1762.83337,0,0.11200,0.11200,0,0.00000,0,0.89650,91,NaN,NaN,100,91,2,1216.50000,1762.83337,0,0,0.00000,0.00000,NaN
29,0.00000,104,0,104,104,104,147.21276,177.75044,1483.16663,1790.83337,0,0.11200,0.11200,0,0.00000,0,1.02458,104,NaN,NaN,100,104,2,1483.16663,1790.83337,0,0,0.00000,0.00000,NaN
30,0.00000,115,0,115,115,115,150.91831,181.05896,1520.50000,1824.16663,0,0.11200,0.11200,0,0.00000,0,1.13295,115,NaN,NaN,100,115,2,1520.50000,1824.16663,0,0,0.00000,0.00000,NaN
31,0.00000,113,0,113,113,113,146.02169,181.32365,1471.16663,1826.83337,0,0.11200,0.11200,0,0.00000,0,1.11324,113,NaN,NaN,100,113,2,1471.16663,1826.83337,0,0,0.00000,0.00000,NaN
32,0.00000,153,0,153,153,153,139.66932,194.16071,1407.16663,1956.16663,0,0.11200,0.11200,0,0.00000,0,1.50731,153,NaN,NaN,100,153,2,1407.16663,1956.16663,0,0,0.00000,0.00000,NaN
33,0.00000,167,0,167,167,167,137.68421,196.67519,1387.16663,1981.50000,0,0.11200,0.11200,0,0.00000,0,1.64523,167,NaN,NaN,100,167,2,1387.16663,1981.50000,0,0,0.00000,0.00000,NaN
34,0.00000,163,0,163,163,163,141.38976,196.14582,1424.50000,1976.16663,0,0.11200,0.11200,0,0.00000,0,1.60583,163,NaN,NaN,100,163,2,1424.50000,1976.16663,0,0,0.00000,0.00000,NaN
35,0.00000,179,0,179,179,179,141.52211,199.85137,1425.83337,2013.50000,0,0.11200,0.11200,0,0.00000,0,1.76345,179,NaN,NaN,100,179,2,1425.83337,2013.50000,0,0,0.00000,0.00000,NaN
36,0.00000,194,0,194,194,194,141.78678,204.88034,1428.50000,2064.16675,0,0.11200,0.11200,0,0.00000,0,1.91123,194,NaN,NaN,100,194,2,1428.50000,2064.16675,0,0,0.00000,0.00000,NaN
37,0.00000,196,0,196,196,196,137.94890,204.88034,1389.83337,2064.16675,0,0.11200,0.11200,0,0.00000,0,1.93093,196,NaN,NaN,100,196,2,1389.83337,2064.16675,0,0,0.00000,0.00000,NaN
38,0.00000,178,0,178,178,178,136.22846,201.17479,1372.50000,2026.83337,0,0.11200,0.11200,0,0.00000,0,1.75360,178,NaN,NaN,100,178,2,1372.50000,2026.83337,0,0,0.00000,0.00000,NaN
39,0.00000,189,0,189,189,189,133.97867,203.29225,1349.83337,2048.16675,0,0.11200,0.11200,0,0.00000,0,1.86197,189,NaN,NaN,100,189,2,1349.83337,2048.16675,0,0,0.00000,0.00000,NaN
40,0.00000,207,0,207,207,207,134.24335,209.24759,1352.50000,2108.16675,0,0.11200,0.11200,0,0.00000,0,2.03930,207,NaN,NaN,100,207,2,1352.50000,2108.16675,0,0,0.00000,0.00000,NaN
41,0.00000,228,0,228,228,228,127.75864,213.48248,1287.16663,2150.83325,0,0.11200,0.11200,0,0.00000,0,2.24619,228,NaN,NaN,100,228,2,1287.16663,2150.83325,0,0,0.00000,0.00000,NaN
42,0.00000,230,0,230,230,230,124.58246,213.87951,1255.16663,2154.83325,0,0.11200,0.11200,0,0.00000,0,2.26589,230,NaN,NaN,100,230,2,1255.16663,2154.83325,0,0,0.00000,0.00000,NaN
43,0.00000,233,0,233,233,233,120.74457,214.67355,1216.50000,2162.83325,0,0.11200,0.11200,0,0.00000,0,2.29545,233,NaN,NaN,100,233,2,1216.50000,2162.83325,0,0,0.00000,0.00000,NaN
44,0.00000,248,0,248,248,248,119.95053,218.90847,1208.50000,2205.50000,0,0.11200,0.11200,0,0.00000,0,2.44322,248,NaN,NaN,100,248,2,1208.50000,2205.50000,0,0,0.00000,0.00000,NaN
45,0.00000,218,0,218,218,218,109.23091,210.30630,1100.50000,2118.83325,0,0.11200,0.11200,0,0.00000,0,2.14767,218,NaN,NaN,100,218,2,1100.50000,2118.83325,0,0,0.00000,0.00000,NaN
46,0.00000,227,0,227,227,227,103.80494,212.68844,1045.83337,2142.83325,0,0.11200,0.11200,0,0.00000,0,2.23634,227,NaN,NaN,100,227,2,1045.83337,2142.83325,0,0,0.00000,0.00000,NaN
47,0.00000,217,0,217,217,217,103.67259,210.83568,1044.50000,2124.16675,0,0.11200,0.11200,0,0.00000,0,2.13782,217,NaN,NaN,100,217,2,1044.50000,2124.16675,0,0,0.00000,0.00000,NaN
48,0.00000,260,0,260,260,260,112.01007,223.40806,1128.50000,2250.83325,0,0.11200,0.11200,0,0.00000,0,2.56144,260,NaN,NaN,100,260,2,1128.50000,2250.83325,0,0,0.00000,0.00000,NaN
49,0.00000,282,0,282,282,282,104.86366,229.62809,1056.50000,2313.50000,0,0.11200,0.11200,0,0.00000,0,2.77818,282,NaN,NaN,100,282,2,1056.50000,2313.50000,0,0,0.00000,0.00000,NaN
50,0.00000,257,0,257,257,257,129.87610,220.49656,1308.50000,2221.50000,0,0.11200,0.11200,0,0.00000,0,2.53189,257,NaN,NaN,100,257,2,1308.50000,2221.50000,0,0,0.00000,0.00000,NaN
51,0.00000,253,0,253,253,253,134.50803,219.83485,1355.16663,2214.83325,0,0.11200,0.11200,0,0.00000,0,2.49248,253,NaN,NaN,100,253,2,1355.16663,2214.83325,0,0,0.00000,0.00000,NaN
52,0.00000,234,0,234,234,234,132.12589,215.73229,1331.16663,2173.50000,0,0.11200,0.11200,0,0.00000,0,2.30530,234,NaN,NaN,100,234,2,1331.16663,2173.50000,0,0,0.00000,0.00000,NaN
53,0.00000,236,0,236,236,236,136.62549,217.45271,1376.50000,2190.83325,0,0.11200,0.11200,0,0.00000,0,2.32500,236,NaN,NaN,100,236,2,1376.50000,2190.83325,0,0,0.00000,0.00000,NaN
54,0.00000,223,0,223,223,223,137.41953,212.42377,1384.50000,2140.16675,0,0.11200,0.11200,0,0.00000,0,2.19693,223,NaN,NaN,100,223,2,1384.50000,2140.16675,0,0,0.00000,0.00000,NaN
55,0.00000,220,0,220,220,220,140.06635,211.49737,1411.16663,2130.83325,0,0.11200,0.11200,0,0.00000,0,2.16737,220,NaN,NaN,100,220,2,1411.16663,2130.83325,0,0,0.00000,0.00000,NaN
56,0.00000,220,0,220,220,220,140.86039,213.35015,1419.16663,2149.50000,0,0.11200,0.11200,0,0.00000,0,2.16737,220,NaN,NaN,100,220,2,1419.16663,2149.50000,0,0,0.00000,0.00000,NaN
57,0.00000,210,0,210,210,210,138.87528,207.79183,1399.16663,2093.50000,0,0.11200,0.11200,0,0.00000,0,2.06886,210,NaN,NaN,100,210,2,1399.16663,2093.50000,0,0,0.00000,0.00000,NaN
58,0.00000,199,0,199,199,199,146.55106,205.01267,1476.50000,2065.50000,0,0.11200,0.11200,0,0.00000,0,1.96049,199,NaN,NaN,100,199,2,1476.50000,2065.50000,0,0,0.00000,0.00000,NaN
59,0.00000,185,0,185,185,185,146.81574,202.36586,1479.16663,2038.83337,0,0.11200,0.11200,0,0.00000,0,1.82256,185,NaN,NaN,100,185,2,1479.16663,2038.83337,0,0,0.00000,0.00000,NaN
60,0.00000,176,0,176,176,176,149.33022,200.38074,1504.50000,2018.83337,0,0.11200,0.11200,0,0.00000,0,1.73390,176,NaN,NaN,100,176,2,1504.50000,2018.83337,0,0,0.00000,0.00000,NaN
61,0.00000,161,0,161,161,161,153.56512,194.69008,1547.16663,1961.50000,0,0.11200,0.11200,0,0.00000,0,1.58612,161,NaN,NaN,100,161,2,1547.16663,1961.50000,0,0,0.00000,0.00000,NaN
62,0.00000,124,0,124,124,124,148.53617,185.16153,1496.50000,1865.50000,0,0.11200,0.11200,0,0.00000,0,1.22161,124,NaN,NaN,100,124,2,1496.50000,1865.50000,0,0,0.00000,0.00000,NaN
63,0.00000,131,0,131,131,131,144.96297,186.08792,1460.50000,1874.83337,0,0.11200,0.11200,0,0.00000,0,1.29057,131,NaN,NaN,100,131,2,1460.50000,1874.83337,0,0,0.00000,0.00000,NaN
64,0.00000,138,0,138,138,138,155.94727,188.33771,1571.16675,1897.50000,0,0.11200,0.11200,0,0.00000,0,1.35953,138,NaN,NaN,100,138,2,1571.16675,1897.50000,0,0,0.00000,0.00000,NaN
65,0.00000,122,0,122,122,122,155.15323,184.63216,1563.16675,1860.16663,0,0.11200,0.11200,0,0.00000,0,1.20191,122,NaN,NaN,100,122,2,1563.16675,1860.16663,0,0,0.00000,0.00000,NaN
66,0.00000,133,0,133,133,133,151.97703,187.67601,1531.16663,1890.83337,0,0.11200,0.11200,0,0.00000,0,1.31028,133,NaN,NaN,100,133,2,1531.16663,1890.83337,0,0,0.00000,0.00000,NaN
67,0.00000,103,0,103,103,103,154.62385,177.75044,1557.83325,1790.83337,0,0.11200,0.11200,0,0.00000,0,1.01472,103,NaN,NaN,100,103,2,1557.83325,1790.83337,0,0,0.00000,0.00000,NaN
68,0.00000,44,0,44,44,44,131.33184,151.28224,1323.16663,1524.16663,0,0.11200,0.11200,0,0.00000,0,0.43347,44,NaN,NaN,100,44,2,1323.16663,1524.16663,0,0,0.00000,0.00000,NaN
69,0.00000,50,0,50,50,50,129.21440,154.72312,1301.83337,1558.83337,0,0.11200,0.11200,0,0.00000,0,0.49258,50,NaN,NaN,100,50,2,1301.83337,1558.83337,0,0,0.00000,0.00000,NaN
70,0.00000,47,0,47,47,47,127.62631,152.73800,1285.83337,1538.83337,0,0.11200,0.11200,0,0.00000,0,0.46303,47,NaN,NaN,100,47,2,1285.83337,1538.83337,0,0,0.00000,0.00000,NaN
71,0.00000,191,0,191,191,191,150.38894,203.82160,1515.16663,2053.50000,0,0.11200,0.11200,0,0.00000,0,1.88167,191,NaN,NaN,100,191,2,1515.16663,2053.50000,0,0,0.00000,0.00000,NaN
72,0.00000,180,0,180,180,180,153.16810,201.96883,1543.16663,2034.83337,0,0.11200,0.11200,0,0.00000,0,1.77331,180,NaN,NaN,100,180,2,1543.16663,2034.83337,0,0,0.00000,0.00000,NaN
73,0.00000,162,0,162,162,162,147.60978,195.08710,1487.16663,1965.50000,0,0.11200,0.11200,0,0.00000,0,1.59597,162,NaN,NaN,100,162,2,1487.16663,1965.50000,0,0,0.00000,0.00000,NaN
74,0.00000,168,0,168,168,168,144.83062,197.46924,1459.16663,1989.50000,0,0.11200,0.11200,0,0.00000,0,1.65508,168,NaN,NaN,100,168,2,1459.16663,1989.50000,0,0,0.00000,0.00000,NaN
75,0.00000,214,0,214,214,214,154.88854,209.51226,1560.50000,2110.83325,0,0.11200,0.11200,0,0.00000,0,2.10826,214,NaN,NaN,100,214,2,1560.50000,2110.83325,0,0,0.00000,0.00000,NaN
76,0.00000,197,0,197,197,197,154.88854,205.67438,1560.50000,2072.16675,0,0.11200,0.11200,0,0.00000,0,1.94078,197,NaN,NaN,100,197,2,1560.50000,2072.16675,0,0,0.00000,0.00000,NaN
77,0.00000,110,0,110,110,110,132.52291,180.66193,1335.16663,1820.16663,0,0.11200,0.11200,0,0.00000,0,1.08369,110,NaN,NaN,100,110,2,1335.16663,1820.16663,0,0,0.00000,0.00000,NaN
78,0.00000,204,0,204,204,204,150.91831,207.39481,1520.50000,2089.50000,0,0.11200,0.11200,0,0.00000,0,2.00975,204,NaN,NaN,100,204,2,1520.50000,2089.50000,0,0,0.00000,0.00000,NaN
79,0.00000,216,0,216,216,216,121.53862,210.83568,1224.50000,2124.16675,0,0.11200,0.11200,0,0.00000,0,2.12797,216,NaN,NaN,100,216,2,1224.50000,2124.16675,0,0,0.00000,0.00000,NaN
80,0.00000,222,0,222,222,222,116.24498,212.29142,1171.16663,2138.83325,0,0.11200,0.11200,0,0.00000,0,2.18708,222,NaN,NaN,100,222,2,1171.16663,2138.83325,0,0,0.00000,0.00000,NaN
81,0.00000,258,0,258,258,258,115.45093,220.76125,1163.16663,2224.16675,0,0.11200,0.11200,0,0.00000,0,2.54174,258,NaN,NaN,100,258,2,1163.16663,2224.16675,0,0,0.00000,0.00000,NaN
82,0.00000,264,0,264,264,264,142.31615,222.61401,1433.83337,2242.83325,0,0.11200,0.11200,0,0.00000,0,2.60085,264,NaN,NaN,100,264,2,1433.83337,2242.83325,0,0,0.00000,0.00000,NaN
83,0.00000,272,0,272,272,272,137.68421,225.12850,1387.16663,2268.16675,0,0.11200,0.11200,0,0.00000,0,2.67966,272,NaN,NaN,100,272,2,1387.16663,2268.16675,0,0,0.00000,0.00000,NaN
84,0.00000,275,0,275,275,275,130.67014,226.45191,1316.50000,2281.50000,0,0.11200,0.11200,0,0.00000,0,2.70922,275,NaN,NaN,100,275,2,1316.50000,2281.50000,0,0,0.00000,0.00000,NaN
85,0.00000,278,0,278,278,278,126.03821,226.31957,1269.83337,2280.16675,0,0.11200,0.11200,0,0.00000,0,2.73877,278,NaN,NaN,100,278,2,1269.83337,2280.16675,0,0,0.00000,0.00000,NaN
86,0.00000,284,0,284,284,284,128.42035,228.83404,1293.83337,2305.50000,0,0.11200,0.11200,0,0.00000,0,2.79788,284,NaN,NaN,100,284,2,1293.83337,2305.50000,0,0,0.00000,0.00000,NaN
87,0.00000,292,0,292,292,292,123.65608,230.55447,1245.83337,2322.83325,0,0.11200,0.11200,0,0.00000,0,2.87670,292,NaN,NaN,100,292,2,1245.83337,2322.83325,0,0,0.00000,0.00000,NaN
88,0.00000,289,0,289,289,289,133.18463,230.02511,1341.83337,2317.50000,0,0.11200,0.11200,0,0.00000,0,2.84714,289,NaN,NaN,100,289,2,1341.83337,2317.50000,0,0,0.00000,0.00000,NaN
89,0.00000,285,0,285,285,285,138.47826,229.62809,1395.16663,2313.50000,0,0.11200,0.11200,0,0.00000,0,2.80773,285,NaN,NaN,100,285,2,1395.16663,2313.50000,0,0,0.00000,0.00000,NaN
90,0.00000,279,0,279,279,279,152.90342,227.37828,1540.50000,2290.83325,0,0.11200,0.11200,0,0.00000,0,2.74862,279,NaN,NaN,100,279,2,1540.50000,2290.83325,0,0,0.00000,0.00000,NaN
91,0.00000,244,0,244,244,244,152.10938,218.37912,1532.50000,2200.16675,0,0.11200,0.11200,0,0.00000,0,2.40381,244,NaN,NaN,100,244,2,1532.50000,2200.16675,0,0,0.00000,0.00000,NaN
92,0.00000,225,0,225,225,225,154.09449,214.67355,1552.50000,2162.83325,0,0.11200,0.11200,0,0.00000,0,2.21663,225,NaN,NaN,100,225,2,1552.50000,2162.83325,0,0,0.00000,0.00000,NaN
93,0.00000,235,0,235,235,235,148.40383,215.20293,1495.16663,2168.16675,0,0.11200,0.11200,0,0.00000,0,2.31515,235,NaN,NaN,100,235,2,1495.16663,2168.16675,0,0,0.00000,0.00000,NaN
94,0.00000,221,0,221,221,221,148.93319,211.36504,1500.50000,2129.50000,0,0.11200,0.11200,0,0.00000,0,2.17722,221,NaN,NaN,100,221,2,1500.50000,2129.50000,0,0,0.00000,0.00000,NaN
95,0.00000,198,0,198,198,198,158.46174,205.80672,1596.50000,2073.50000,0,0.11200,0.11200,0,0.00000,0,1.95064,198,NaN,NaN,100,198,2,1596.50000,2073.50000,0,0,0.00000,0.00000,NaN
96,0.00000,277,0,277,277,277,157.66770,225.79019,1588.50000,2274.83325,0,0.11200,0.11200,0,0.00000,0,2.72892,277,NaN,NaN,100,277,2,1588.50000,2274.83325,0,0,0.00000,0.00000,NaN
97,0.00000,252,0,252,252,252,157.66770,218.37912,1588.50000,2200.16675,0,0.11200,0.11200,0,0.00000,0,2.48263,252,NaN,NaN,100,252,2,1588.50000,2200.16675,0,0,0.00000,0.00000,NaN
98,0.00000,231,0,231,231,231,157.80003,215.20293,1589.83325,2168.16675,0,0.11200,0.11200,0,0.00000,0,2.27574,231,NaN,NaN,100,231,2,1589.83325,2168.16675,0,0,0.00000,0.00000,NaN
99,0.00000,274,0,274,274,274,147.47745,226.31957,1485.83337,2280.16675,0,0.11200,0.11200,0,0.00000,0,2.69936,274,NaN,NaN,100,274,2,1485.83337,2280.16675,0,0,0.00000,0.00000,NaN
100,0.00000,57,0,57,57,57,125.90587,162.66357,1268.50000,1638.83337,0,0.11200,0.11200,0,0.00000,0,0.56155,57,NaN,NaN,100,57,2,1268.50000,1638.83337,0,0,0.00000,0.00000,NaN
101,0.00000,44,0,44,44,44,130.80249,153.39970,1317.83337,1545.50000,0,0.11200,0.11200,0,0.00000,0,0.43347,44,NaN,NaN,100,44,2,1317.83337,1545.50000,0,0,0.00000,0.00000,NaN
102,0.00000,309,0,309,309,309,141.12508,233.99534,1421.83337,2357.50000,0,0.11200,0.11200,0,0.00000,0,3.04417,309,NaN,NaN,100,309,2,1421.83337,2357.50000,0,0,0.00000,0.00000,NaN
103,0.00000,323,0,323,323,323,141.52211,238.36259,1425.83337,2401.50000,0,0.11200,0.11200,0,0.00000,0,3.18210,323,NaN,NaN,100,323,2,1425.83337,2401.50000,0,0,0.00000,0.00000,NaN
104,0.00000,352,0,352,352,352,136.89016,246.03836,1379.16663,2478.83325,0,0.11200,0.11200,0,0.00000,0,3.46780,352,NaN,NaN,100,352,2,1379.16663,2478.83325,0,0,0.00000,0.00000,NaN
105,0.00000,350,0,350,350,350,132.65526,247.49412,1336.50000,2493.50000,0,0.11200,0.11200,0,0.00000,0,3.44809,350,NaN,NaN,100,350,2,1336.50000,2493.50000,0,0,0.00000,0.00000,NaN
106,0.00000,370,0,370,370,370,135.03740,251.19965,1360.50000,2530.83325,0,0.11200,0.11200,0,0.00000,0,3.64513,370,NaN,NaN,100,370,2,1360.50000,2530.83325,0,0,0.00000,0.00000,NaN
107,0.00000,377,0,377,377,377,131.06717,253.44946,1320.50000,2553.50000,0,0.11200,0.11200,0,0.00000,0,3.71409,377,NaN,NaN,100,377,2,1320.50000,2553.50000,0,0,0.00000,0.00000,NaN
108,0.00000,400,0,400,400,400,130.80249,257.81671,1317.83337,2597.50000,0,0.11200,0.11200,0,0.00000,0,3.94068,400,NaN,NaN,100,400,2,1317.83337,2597.50000,0,0,0.00000,0.00000,NaN
109,0.00000,408,0,408,408,408,134.50803,260.19885,1355.16663,2621.50000,0,0.11200,0.11200,0,0.00000,0,4.01949,408,NaN,NaN,100,408,2,1355.16663,2621.50000,0,0,0.00000,0.00000,NaN
110,0.00000,394,0,394,394,394,110.15730,257.02266,1109.83337,2589.50000,0,0.11200,0.11200,0,0.00000,0,3.88157,394,NaN,NaN,100,394,2,1109.83337,2589.50000,0,0,0.00000,0.00000,NaN
111,0.00000,386,0,386,386,386,112.80412,254.77288,1136.50000,2566.83350,0,0.11200,0.11200,0,0.00000,0,3.80275,386,NaN,NaN,100,386,2,1136.50000,2566.83350,0,0,0.00000,0.00000,NaN
112,0.00000,387,0,387,387,387,105.52536,254.64053,1063.16663,2565.50000,0,0.11200,0.11200,0,0.00000,0,3.81261,387,NaN,NaN,100,387,2,1063.16663,2565.50000,0,0,0.00000,0.00000,NaN
113,0.00000,381,0,381,381,381,101.55514,253.58182,1023.16669,2554.83350,0,0.11200,0.11200,0,0.00000,0,3.75350,381,NaN,NaN,100,381,2,1023.16669,2554.83350,0,0,0.00000,0.00000,NaN
114,0.00000,354,0,354,354,354,97.45256,246.70007,981.83331,2485.50000,0,0.11200,0.11200,0,0.00000,0,3.48750,354,NaN,NaN,100,354,2,981.83331,2485.50000,0,0,0.00000,0.00000,NaN
115,0.00000,325,0,325,325,325,110.81900,240.61239,1116.50000,2424.16675,0,0.11200,0.11200,0,0.00000,0,3.20180,325,NaN,NaN,100,325,2,1116.50000,2424.16675,0,0,0.00000,0.00000,NaN
116,0.00000,340,0,340,340,340,114.92157,242.99453,1157.83337,2448.16675,0,0.11200,0.11200,0,0.00000,0,3.34958,340,NaN,NaN,100,340,2,1157.83337,2448.16675,0,0,0.00000,0.00000,NaN
117,0.00000,332,0,332,332,332,118.09776,240.34770,1189.83337,2421.50000,0,0.11200,0.11200,0,0.00000,0,3.27076,332,NaN,NaN,100,332,2,1189.83337,2421.50000,0,0,0.00000,0.00000,NaN
118,0.00000,349,0,349,349,349,120.21520,244.58262,1211.16663,2464.16675,0,0.11200,0.11200,0,0.00000,0,3.43824,349,NaN,NaN,100,349,2,1211.16663,2464.16675,0,0,0.00000,0.00000,NaN
119,0.00000,327,0,327,327,327,122.86203,240.61239,1237.83337,2424.16675,0,0.11200,0.11200,0,0.00000,0,3.22150,327,NaN,NaN,100,327,2,1237.83337,2424.16675,0,0,0.00000,0.00000,NaN
120,0.00000,342,0,342,342,342,140.72806,243.39155,1417.83337,2452.16675,0,0.11200,0.11200,0,0.00000,0,3.36928,342,NaN,NaN,100,342,2,1417.83337,2452.16675,0,0,0.00000,0.00000,NaN
121,0.00000,361,0,361,361,361,138.74295,249.08221,1397.83337,2509.50000,0,0.11200,0.11200,0,0.00000,0,3.55646,361,NaN,NaN,100,361,2,1397.83337,2509.50000,0,0,0.00000,0.00000,NaN
122,0.00000,374,0,374,374,374,141.65444,252.25839,1427.16663,2541.50000,0,0.11200,0.11200,0,0.00000,0,3.68453,374,NaN,NaN,100,374,2,1427.16663,2541.50000,0,0,0.00000,0.00000,NaN
123,0.00000,383,0,383,383,383,139.27230,253.97884,1403.16663,2558.83350,0,0.11200,0.11200,0,0.00000,0,3.77320,383,NaN,NaN,100,383,2,1403.16663,2558.83350,0,0,0.00000,0.00000,NaN
124,0.00000,393,0,393,393,393,141.78678,256.49328,1428.50000,2584.16650,0,0.11200,0.11200,0,0.00000,0,3.87172,393,NaN,NaN,100,393,2,1428.50000,2584.16650,0,0,0.00000,0.00000,NaN
125,0.00000,409,0,409,409,409,141.25742,260.46351,1423.16663,2624.16650,0,0.11200,0.11200,0,0.00000,0,4.02934,409,NaN,NaN,100,409,2,1423.16663,2624.16650,0,0,0.00000,0.00000,NaN
126,0.00000,415,0,415,415,415,130.67014,262.31632,1316.50000,2642.83350,0,0.11200,0.11200,0,0.00000,0,4.08845,415,NaN,NaN,100,415,2,1316.50000,2642.83350,0,0,0.00000,0.00000,NaN
127,0.00000,435,0,435,435,435,138.61060,267.21290,1396.50000,2692.16650,0,0.11200,0.11200,0,0.00000,0,4.28549,435,NaN,NaN,100,435,2,1396.50000,2692.16650,0,0,0.00000,0.00000,NaN
128,0.00000,446,0,446,446,446,134.24335,269.46273,1352.50000,2714.83350,0,0.11200,0.11200,0,0.00000,0,4.39386,446,NaN,NaN,100,446,2,1352.50000,2714.83350,0,0,0.00000,0.00000,NaN
129,0.00000,449,0,449,449,449,141.78678,269.99206,1428.50000,2720.16650,0,0.11200,0.11200,0,0.00000,0,4.42341,449,NaN,NaN,100,449,2,1428.50000,2720.16650,0,0,0.00000,0.00000,NaN
130,0.00000,417,0,417,417,417,146.28638,262.58098,1473.83337,2645.50000,0,0.11200,0.11200,0,0.00000,0,4.10816,417,NaN,NaN,100,417,2,1473.83337,2645.50000,0,0,0.00000,0.00000,NaN
131,0.00000,412,0,412,412,412,151.05064,261.52227,1521.83325,2634.83350,0,0.11200,0.11200,0,0.00000,0,4.05890,412,NaN,NaN,100,412,2,1521.83325,2634.83350,0,0,0.00000,0.00000,NaN
132,0.00000,398,0,398,398,398,150.65362,258.08138,1517.83325,2600.16650,0,0.11200,0.11200,0,0.00000,0,3.92098,398,NaN,NaN,100,398,2,1517.83325,2600.16650,0,0,0.00000,0.00000,NaN
133,0.00000,382,0,382,382,382,151.05064,253.58182,1521.83325,2554.83350,0,0.11200,0.11200,0,0.00000,0,3.76335,382,NaN,NaN,100,382,2,1521.83325,2554.83350,0,0,0.00000,0.00000,NaN
134,0.00000,348,0,348,348,348,154.09449,244.58262,1552.50000,2464.16675,0,0.11200,0.11200,0,0.00000,0,3.42839,348,NaN,NaN,100,348,2,1552.50000,2464.16675,0,0,0.00000,0.00000,NaN
135,0.00000,341,0,341,341,341,149.85957,243.52389,1509.83325,2453.50000,0,0.11200,0.11200,0,0.00000,0,3.35943,341,NaN,NaN,100,341,2,1509.83325,2453.50000,0,0,0.00000,0.00000,NaN
136,0.00000,347,0,347,347,347,144.16892,243.52389,1452.50000,2453.50000,0,0.11200,0.11200,0,0.00000,0,3.41854,347,NaN,NaN,100,347,2,1452.50000,2453.50000,0,0,0.00000,0.00000,NaN
137,0.00000,326,0,326,326,326,145.62467,240.87706,1467.16663,2426.83325,0,0.11200,0.11200,0,0.00000,0,3.21165,326,NaN,NaN,100,326,2,1467.16663,2426.83325,0,0,0.00000,0.00000,NaN
138,0.00000,297,0,297,297,297,154.09449,232.53958,1552.50000,2342.83325,0,0.11200,0.11200,0,0.00000,0,2.92595,297,NaN,NaN,100,297,2,1552.50000,2342.83325,0,0,0.00000,0.00000,NaN
139,0.00000,293,0,293,293,293,157.66770,230.55447,1588.50000,2322.83325,0,0.11200,0.11200,0,0.00000,0,2.88655,293,NaN,NaN,100,293,2,1588.50000,2322.83325,0,0,0.00000,0.00000,NaN
140,0.00000,314,0,314,314,314,157.00598,235.31874,1581.83325,2370.83325,0,0.11200,0.11200,0,0.00000,0,3.09343,314,NaN,NaN,100,314,2,1581.83325,2370.83325,0,0,0.00000,0.00000,NaN
141,0.00000,307,0,307,307,307,152.50640,235.45110,1536.50000,2372.16675,0,0.11200,0.11200,0,0.00000,0,3.02447,307,NaN,NaN,100,307,2,1536.50000,2372.16675,0,0,0.00000,0.00000,NaN
142,0.00000,304,0,304,304,304,150.25660,233.99534,1513.83325,2357.50000,0,0.11200,0.11200,0,0.00000,0,2.99492,304,NaN,NaN,100,304,2,1513.83325,2357.50000,0,0,0.00000,0.00000,NaN
143,0.00000,379,0,379,379,379,154.49151,252.92008,1556.50000,2548.16650,0,0.11200,0.11200,0,0.00000,0,3.73379,379,NaN,NaN,100,379,2,1556.50000,2548.16650,0,0,0.00000,0.00000,NaN
144,0.00000,384,0,384,384,384,157.66770,254.50817,1588.50000,2564.16650,0,0.11200,0.11200,0,0.00000,0,3.78305,384,NaN,NaN,100,384,2,1588.50000,2564.16650,0,0,0.00000,0.00000,NaN
145,0.00000,401,0,401,401,401,154.75620,257.15502,1559.16675,2590.83350,0,0.11200,0.11200,0,0.00000,0,3.95053,401,NaN,NaN,100,401,2,1559.16675,2590.83350,0,0,0.00000,0.00000,NaN
146,0.00000,419,0,419,419,419,158.19705,262.71334,1593.83325,2646.83350,0,0.11200,0.11200,0,0.00000,0,4.12786,419,NaN,NaN,100,419,2,1593.83325,2646.83350,0,0,0.00000,0.00000,NaN
147,0.00000,456,0,456,456,456,117.43604,272.10953,1183.16663,2741.50000,0,0.11200,0.11200,0,0.00000,0,4.49237,456,NaN,NaN,100,456,2,1183.16663,2741.50000,0,0,0.00000,0.00000,NaN
148,0.00000,463,0,463,463,463,133.84633,273.56527,1348.50000,2756.16650,0,0.11200,0.11200,0,0.00000,0,4.56134,463,NaN,NaN,100,463,2,1348.50000,2756.16650,0,0,0.00000,0.00000,NaN
149,0.00000,458,0,458,458,458,138.61060,272.37420,1396.50000,2744.16650,0,0.11200,0.11200,0,0.00000,0,4.51208,458,NaN,NaN,100,458,2,1396.50000,2744.16650,0,0,0.00000,0.00000,NaN
150,0.00000,464,0,464,464,464,141.52211,274.09465,1425.83337,2761.50000,0,0.11200,0.11200,0,0.00000,0,4.57119,464,NaN,NaN,100,464,2,1425.83337,2761.50000,0,0,0.00000,0.00000,NaN
151,0.00000,461,0,461,461,461,153.16811,274.09465,1543.16675,2761.50000,0,0.11200,0.11200,0,0.00000,0,4.54163,461,NaN,NaN,100,461,2,1543.16675,2761.50000,0,0,0.00000,0.00000,NaN
152,0.00000,453,0,453,453,453,150.38895,271.05082,1515.16675,2730.83350,0,0.11200,0.11200,0,0.00000,0,4.46282,453,NaN,NaN,100,453,2,1515.16675,2730.83350,0,0,0.00000,0.00000,NaN
153,0.00000,454,0,454,454,454,146.28638,271.58015,1473.83337,2736.16650,0,0.11200,0.11200,0,0.00000,0,4.47267,454,NaN,NaN,100,454,2,1473.83337,2736.16650,0,0,0.00000,0.00000,NaN
154,0.00000,445,0,445,445,445,154.88854,270.52144,1560.50000,2725.50000,0,0.11200,0.11200,0,0.00000,0,4.38400,445,NaN,NaN,100,445,2,1560.50000,2725.50000,0,0,0.00000,0.00000,NaN
155,0.00000,425,0,425,425,425,154.75620,264.56610,1559.16675,2665.50000,0,0.11200,0.11200,0,0.00000,0,4.18697,425,NaN,NaN,100,425,2,1559.16675,2665.50000,0,0,0.00000,0.00000,NaN
156,0.00000,436,0,436,436,436,152.50640,267.34526,1536.50000,2693.50000,0,0.11200,0.11200,0,0.00000,0,4.29534,436,NaN,NaN,100,436,2,1536.50000,2693.50000,0,0,0.00000,0.00000,NaN
157,0.00000,439,0,439,439,439,157.80003,267.87464,1589.83325,2698.83350,0,0.11200,0.11200,0,0.00000,0,4.32489,439,NaN,NaN,100,439,2,1589.83325,2698.83350,0,0,0.00000,0.00000,NaN
158,0.00000,291,0,291,291,291,140.59571,231.08385,1416.50000,2328.16675,0,0.11200,0.11200,0,0.00000,0,2.86684,291,NaN,NaN,100,291,2,1416.50000,2328.16675,0,0,0.00000,0.00000,NaN
159,0.00000,432,0,432,432,432,113.59816,268.40397,1144.50000,2704.16650,0,0.11200,0.11200,0,0.00000,0,4.25593,432,NaN,NaN,100,432,2,1144.50000,2704.16650,0,0,0.00000,0.00000,NaN
160,0.00000,421,0,421,421,421,105.65770,262.84565,1064.50000,2648.16650,0,0.11200,0.11200,0,0.00000,0,4.14756,421,NaN,NaN,100,421,2,1064.50000,2648.16650,0,0,0.00000,0.00000,NaN
161,0.00000,421,0,421,421,421,107.51047,264.96312,1083.16663,2669.50000,0,0.11200,0.11200,0,0.00000,0,4.14756,421,NaN,NaN,100,421,2,1083.16663,2669.50000,0,0,0.00000,0.00000,NaN
162,0.00000,405,0,405,405,405,103.93727,258.61076,1047.16663,2605.50000,0,0.11200,0.11200,0,0.00000,0,3.98994,405,NaN,NaN,100,405,2,1047.16663,2605.50000,0,0,0.00000,0.00000,NaN
163,0.00000,405,0,405,405,405,104.33429,261.78694,1051.16663,2637.50000,0,0.11200,0.11200,0,0.00000,0,3.98994,405,NaN,NaN,100,405,2,1051.16663,2637.50000,0,0,0.00000,0.00000,NaN
164,0.00000,526,0,526,526,526,117.56839,293.54877,1184.50000,2957.50000,0,0.11200,0.11200,0,0.00000,0,5.18199,526,NaN,NaN,100,526,2,1184.50000,2957.50000,0,0,0.00000,0.00000,NaN
165,0.00000,524,0,524,524,524,112.80412,291.82832,1136.50000,2940.16650,0,0.11200,0.11200,0,0.00000,0,5.16229,524,NaN,NaN,100,524,2,1136.50000,2940.16650,0,0,0.00000,0.00000,NaN
166,0.00000,522,0,522,522,522,132.78760,292.22534,1337.83337,2944.16650,0,0.11200,0.11200,0,0.00000,0,5.14259,522,NaN,NaN,100,522,2,1337.83337,2944.16650,0,0,0.00000,0.00000,NaN
167,0.00000,549,0,549,549,549,142.44848,299.37175,1435.16663,3016.16650,0,0.11200,0.11200,0,0.00000,0,5.40858,549,NaN,NaN,100,549,2,1435.16663,3016.16650,0,0,0.00000,0.00000,NaN
168,0.00000,525,0,525,525,525,146.68340,292.88708,1477.83337,2950.83350,0,0.11200,0.11200,0,0.00000,0,5.17214,525,NaN,NaN,100,525,2,1477.83337,2950.83350,0,0,0.00000,0.00000,NaN
169,0.00000,523,0,523,523,523,150.65362,292.75472,1517.83325,2949.50000,0,0.11200,0.11200,0,0.00000,0,5.15244,523,NaN,NaN,100,523,2,1517.83325,2949.50000,0,0,0.00000,0.00000,NaN
170,0.00000,485,0,485,485,485,156.21194,280.97639,1573.83325,2830.83350,0,0.11200,0.11200,0,0.00000,0,4.77807,485,NaN,NaN,100,485,2,1573.83325,2830.83350,0,0,0.00000,0.00000,NaN
171,0.00000,476,0,476,476,476,153.82980,276.87381,1549.83325,2789.50000,0,0.11200,0.11200,0,0.00000,0,4.68941,476,NaN,NaN,100,476,2,1549.83325,2789.50000,0,0,0.00000,0.00000,NaN
172,0.00000,478,0,478,478,478,157.27067,277.53549,1584.50000,2796.16650,0,0.11200,0.11200,0,0.00000,0,4.70911,478,NaN,NaN,100,478,2,1584.50000,2796.16650,0,0,0.00000,0.00000,NaN
173,0.00000,582,0,582,582,582,131.33184,307.84159,1323.16663,3101.50000,0,0.11200,0.11200,0,0.00000,0,5.73369,582,NaN,NaN,100,582,2,1323.16663,3101.50000,0,0,0.00000,0.00000,NaN
174,0.00000,566,0,566,566,566,139.27230,302.94496,1403.16663,3052.16650,0,0.11200,0.11200,0,0.00000,0,5.57606,566,NaN,NaN,100,566,2,1403.16663,3052.16650,0,0,0.00000,0.00000,NaN
175,0.00000,554,0,554,554,554,137.55188,299.76877,1385.83337,3020.16650,0,0.11200,0.11200,0,0.00000,0,5.45784,554,NaN,NaN,100,554,2,1385.83337,3020.16650,0,0,0.00000,0.00000,NaN
176,0.00000,546,0,546,546,546,134.50803,297.78366,1355.16663,3000.16650,0,0.11200,0.11200,0,0.00000,0,5.37903,546,NaN,NaN,100,546,2,1355.16663,3000.16650,0,0,0.00000,0.00000,NaN
177,0.00000,589,0,589,589,589,127.49396,310.75311,1284.50000,3130.83350,0,0.11200,0.11200,0,0.00000,0,5.80265,589,NaN,NaN,100,589,2,1284.50000,3130.83350,0,0,0.00000,0.00000,NaN
178,0.00000,597,0,597,597,597,126.43524,313.66457,1273.83337,3160.16650,0,0.11200,0.11200,0,0.00000,0,5.88146,597,NaN,NaN,100,597,2,1273.83337,3160.16650,0,0,0.00000,0.00000,NaN
179,0.00000,594,0,594,594,594,134.11100,312.60586,1351.16663,3149.50000,0,0.11200,0.11200,0,0.00000,0,5.85191,594,NaN,NaN,100,594,2,1351.16663,3149.50000,0,0,0.00000,0.00000,NaN
180,0.00000,591,0,591,591,591,139.40465,311.94417,1404.50000,3142.83350,0,0.11200,0.11200,0,0.00000,0,5.82235,591,NaN,NaN,100,591,2,1404.50000,3142.83350,0,0,0.00000,0.00000,NaN
181,0.00000,587,0,587,587,587,135.43442,309.42968,1364.50000,3117.50000,0,0.11200,0.11200,0,0.00000,0,5.78295,587,NaN,NaN,100,587,2,1364.50000,3117.50000,0,0,0.00000,0.00000,NaN
182,0.00000,578,0,578,578,578,139.53699,308.63563,1405.83337,3109.50000,0,0.11200,0.11200,0,0.00000,0,5.69428,578,NaN,NaN,100,578,2,1405.83337,3109.50000,0,0,0.00000,0.00000,NaN
183,0.00000,584,0,584,584,584,148.27148,308.37097,1493.83325,3106.83350,0,0.11200,0.11200,0,0.00000,0,5.75339,584,NaN,NaN,100,584,2,1493.83325,3106.83350,0,0,0.00000,0.00000,NaN
184,0.00000,571,0,571,571,571,147.21276,304.53305,1483.16663,3068.16650,0,0.11200,0.11200,0,0.00000,0,5.62532,571,NaN,NaN,100,571,2,1483.16663,3068.16650,0,0,0.00000,0.00000,NaN
185,0.00000,563,0,563,563,563,156.74132,304.66541,1579.16675,3069.50000,0,0.11200,0.11200,0,0.00000,0,5.54650,563,NaN,NaN,100,563,2,1579.16675,3069.50000,0,0,0.00000,0.00000,NaN
186,0.00000,557,0,557,557,557,157.13834,301.62158,1583.16675,3038.83350,0,0.11200,0.11200,0,0.00000,0,5.48739,557,NaN,NaN,100,557,2,1583.16675,3038.83350,0,0,0.00000,0.00000,NaN
187,0.00000,534,0,534,534,534,153.56514,293.94579,1547.16675,2961.50000,0,0.11200,0.11200,0,0.00000,0,5.26081,534,NaN,NaN,100,534,2,1547.16675,2961.50000,0,0,0.00000,0.00000,NaN
188,0.00000,373,0,373,373,373,79.85122,251.62978,804.50000,2535.16675,0,0.11200,0.11200,0,0.00000,0,3.67468,373,NaN,NaN,100,373,2,804.50000,2535.16675,0,0,0.00000,0.00000,NaN
189,0.00000,368,0,368,368,368,75.61631,250.17402,761.83331,2520.50000,0,0.11200,0.11200,0,0.00000,0,3.62542,368,NaN,NaN,100,368,2,761.83331,2520.50000,0,0,0.00000,0.00000,NaN
190,0.00000,355,0,355,355,355,75.61631,246.60081,761.83331,2484.50000,0,0.11200,0.11200,0,0.00000,0,3.49735,355,NaN,NaN,100,355,2,761.83331,2484.50000,0,0,0.00000,0.00000,NaN
191,0.00000,338,0,338,338,338,75.74865,243.55696,763.16669,2453.83325,0,0.11200,0.11200,0,0.00000,0,3.32987,338,NaN,NaN,100,338,2,763.16669,2453.83325,0,0,0.00000,0.00000,NaN
192,0.00000,294,0,294,294,294,79.65271,230.95149,802.50000,2326.83325,0,0.11200,0.11200,0,0.00000,0,2.89640,294,NaN,NaN,100,294,2,802.50000,2326.83325,0,0,0.00000,0.00000,NaN
193,0.00000,299,0,299,299,299,69.85948,231.74553,703.83331,2334.83325,0,0.11200,0.11200,0,0.00000,0,2.94566,299,NaN,NaN,100,299,2,703.83331,2334.83325,0,0,0.00000,0.00000,NaN
194,0.00000,241,0,241,241,241,79.78505,218.24676,803.83331,2198.83325,0,0.11200,0.11200,0,0.00000,0,2.37426,241,NaN,NaN,100,241,2,803.83331,2198.83325,0,0,0.00000,0.00000,NaN
195,0.00000,209,0,209,209,209,83.62294,209.77695,842.50000,2113.50000,0,0.11200,0.11200,0,0.00000,0,2.05900,209,NaN,NaN,100,209,2,842.50000,2113.50000,0,0,0.00000,0.00000,NaN
196,0.00000,212,0,212,212,212,87.19614,210.57099,878.50000,2121.50000,0,0.11200,0.11200,0,0.00000,0,2.08856,212,NaN,NaN,100,212,2,878.50000,2121.50000,0,0,0.00000,0.00000,NaN
197,0.00000,169,0,169,169,169,106.12089,199.71903,1069.16663,2012.16663,0,0.11200,0.11200,0,0.00000,0,1.66494,169,NaN,NaN,100,169,2,1069.16663,2012.16663,0,0,0.00000,0.00000,NaN
198,0.00000,136,0,136,136,136,99.23917,188.07303,999.83337,1894.83337,0,0.11200,0.11200,0,0.00000,0,1.33983,136,NaN,NaN,100,136,2,999.83337,1894.83337,0,0,0.00000,0.00000,NaN
199,0.00000,268,0,268,268,268,88.38721,223.54041,890.50000,2252.16675,0,0.11200,0.11200,0,0.00000,0,2.64025,268,NaN,NaN,100,268,2,890.50000,2252.16675,0,0,0.00000,0.00000,NaN
200,0.00000,329,0,329,329,329,100.69492,239.68599,1014.50000,2414.83325,0,0.11200,0.11200,0,0.00000,0,3.24121,329,NaN,NaN,100,329,2,1014.50000,2414.83325,0,0,0.00000,0.00000,NaN
201,0.00000,271,0,271,271,271,154.62385,223.11029,1557.83325,2247.83325,0,0.11200,0.11200,0,0.00000,0,2.66981,271,NaN,NaN,100,271,2,1557.83325,2247.83325,0,0,0.00000,0.00000,NaN
202,0.00000,336,0,336,336,336,137.15484,242.16738,1381.83325,2439.83325,0,0.11200,0.11200,0,0.00000,0,3.31017,336,NaN,NaN,100,336,2,1381.83325,2439.83325,0,0,0.00000,0.00000,NaN
203,0.00000,358,0,358,358,358,147.74213,247.19635,1488.50000,2490.50000,0,0.11200,0.11200,0,0.00000,0,3.52691,358,NaN,NaN,100,358,2,1488.50000,2490.50000,0,0,0.00000,0.00000,NaN
204,0.00000,365,0,365,365,365,151.71235,250.37253,1528.50000,2522.50000,0,0.11200,0.11200,0,0.00000,0,3.59587,365,NaN,NaN,100,365,2,1528.50000,2522.50000,0,0,0.00000,0.00000,NaN
205,0.00000,372,0,372,372,372,146.41872,251.43127,1475.16675,2533.16675,0,0.11200,0.11200,0,0.00000,0,3.66483,372,NaN,NaN,100,372,2,1475.16675,2533.16675,0,0,0.00000,0.00000,NaN
206,0.00000,344,0,344,344,344,157.53536,246.40230,1587.16675,2482.50000,0,0.11200,0.11200,0,0.00000,0,3.38898,344,NaN,NaN,100,344,2,1587.16675,2482.50000,0,0,0.00000,0.00000,NaN
207,0.00000,219,0,219,219,219,131.33186,210.80258,1323.16675,2123.83325,0,0.11200,0.11200,0,0.00000,0,2.15752,219,NaN,NaN,100,219,2,1323.16675,2123.83325,0,0,0.00000,0.00000,NaN
208,0.00000,202,0,202,202,202,130.80248,207.36173,1317.83325,2089.16675,0,0.11200,0.11200,0,0.00000,0,1.99004,202,NaN,NaN,100,202,2,1317.83325,2089.16675,0,0,0.00000,0.00000,NaN
209,0.00000,610,0,610,610,610,144.30125,331.13358,1453.83325,3336.16650,0,0.11200,0.11200,0,0.00000,0,6.00953,610,NaN,NaN,100,610,2,1453.83325,3336.16650,0,0,0.00000,0.00000,NaN
210,0.00000,612,0,612,612,612,141.25743,333.51572,1423.16675,3360.16650,0,0.11200,0.11200,0,0.00000,0,6.02924,612,NaN,NaN,100,612,2,1423.16675,3360.16650,0,0,0.00000,0.00000,NaN
211,0.00000,614,0,614,614,614,143.11018,335.50083,1441.83325,3380.16650,0,0.11200,0.11200,0,0.00000,0,6.04894,614,NaN,NaN,100,614,2,1441.83325,3380.16650,0,0,0.00000,0.00000,NaN
212,0.00000,619,0,619,619,619,143.50721,338.14768,1445.83325,3406.83350,0,0.11200,0.11200,0,0.00000,0,6.09820,619,NaN,NaN,100,619,2,1445.83325,3406.83350,0,0,0.00000,0.00000,NaN
213,0.00000,614,0,614,614,614,139.93400,335.76554,1409.83325,3382.83350,0,0.11200,0.11200,0,0.00000,0,6.04894,614,NaN,NaN,100,614,2,1409.83325,3382.83350,0,0,0.00000,0.00000,NaN
214,0.00000,618,0,618,618,618,138.08124,338.80937,1391.16675,3413.50000,0,0.11200,0.11200,0,0.00000,0,6.08835,618,NaN,NaN,100,618,2,1391.16675,3413.50000,0,0,0.00000,0.00000,NaN
215,0.00000,617,0,617,617,617,135.16973,339.33875,1361.83325,3418.83350,0,0.11200,0.11200,0,0.00000,0,6.07850,617,NaN,NaN,100,617,2,1361.83325,3418.83350,0,0,0.00000,0.00000,NaN
216,0.00000,628,0,628,628,628,139.27231,342.51493,1403.16675,3450.83350,0,0.11200,0.11200,0,0.00000,0,6.18687,628,NaN,NaN,100,628,2,1403.16675,3450.83350,0,0,0.00000,0.00000,NaN
217,0.00000,611,0,611,611,611,149.46255,330.86891,1505.83325,3333.50000,0,0.11200,0.11200,0,0.00000,0,6.01939,611,NaN,NaN,100,611,2,1505.83325,3333.50000,0,0,0.00000,0.00000,NaN
218,0.00000,615,0,615,615,615,155.15323,336.16257,1563.16675,3386.83350,0,0.11200,0.11200,0,0.00000,0,6.05879,615,NaN,NaN,100,615,2,1563.16675,3386.83350,0,0,0.00000,0.00000,NaN
219,0.00000,623,0,623,623,623,157.80003,344.36769,1589.83325,3469.50000,0,0.11200,0.11200,0,0.00000,0,6.13761,623,NaN,NaN,100,623,2,1589.83325,3469.50000,0,0,0.00000,0.00000,NaN
220,0.00000,623,0,623,623,623,157.27067,341.58853,1584.50000,3441.50000,0,0.11200,0.11200,0,0.00000,0,6.13761,623,NaN,NaN,100,623,2,1584.50000,3441.50000,0,0,0.00000,0.00000,NaN
221,0.00000,638,0,638,638,638,155.41789,347.01449,1565.83325,3496.16650,0,0.11200,0.11200,0,0.00000,0,6.28538,638,NaN,NaN,100,638,2,1565.83325,3496.16650,0,0,0.00000,0.00000,NaN
222,0.00000,648,0,648,648,648,157.40301,349.52899,1585.83325,3521.50000,0,0.11200,0.11200,0,0.00000,0,6.38390,648,NaN,NaN,100,648,2,1585.83325,3521.50000,0,0,0.00000,0.00000,NaN
223,0.00000,636,0,636,636,636,132.78759,347.01449,1337.83325,3496.16650,0,0.11200,0.11200,0,0.00000,0,6.26568,636,NaN,NaN,100,636,2,1337.83325,3496.16650,0,0,0.00000,0.00000,NaN
224,0.00000,651,0,651,651,651,132.65526,351.11708,1336.50000,3537.50000,0,0.11200,0.11200,0,0.00000,0,6.41345,651,NaN,NaN,100,651,2,1336.50000,3537.50000,0,0,0.00000,0.00000,NaN
225,0.00000,652,0,652,652,652,138.34591,350.98472,1393.83325,3536.16650,0,0.11200,0.11200,0,0.00000,0,6.42331,652,NaN,NaN,100,652,2,1393.83325,3536.16650,0,0,0.00000,0.00000,NaN
226,0.00000,658,0,658,658,658,130.80248,356.80776,1317.83325,3594.83350,0,0.11200,0.11200,0,0.00000,0,6.48242,658,NaN,NaN,100,658,2,1317.83325,3594.83350,0,0,0.00000,0.00000,NaN
227,0.00000,661,0,661,661,661,121.80331,356.80776,1227.16675,3594.83350,0,0.11200,0.11200,0,0.00000,0,6.51197,661,NaN,NaN,100,661,2,1227.16675,3594.83350,0,0,0.00000,0.00000,NaN
228,0.00000,668,0,668,668,668,133.84633,361.57203,1348.50000,3642.83350,0,0.11200,0.11200,0,0.00000,0,6.58093,668,NaN,NaN,100,668,2,1348.50000,3642.83350,0,0,0.00000,0.00000,NaN
229,0.00000,663,0,663,663,663,133.97866,357.99882,1349.83325,3606.83350,0,0.11200,0.11200,0,0.00000,0,6.53167,663,NaN,NaN,100,663,2,1349.83325,3606.83350,0,0,0.00000,0.00000,NaN
230,0.00000,670,0,670,670,670,137.28720,364.61586,1383.16675,3673.50000,0,0.11200,0.11200,0,0.00000,0,6.60064,670,NaN,NaN,100,670,2,1383.16675,3673.50000,0,0,0.00000,0.00000,NaN
231,0.00000,672,0,672,672,672,130.80248,366.73333,1317.83325,3694.83350,0,0.11200,0.11200,0,0.00000,0,6.62034,672,NaN,NaN,100,672,2,1317.83325,3694.83350,0,0,0.00000,0.00000,NaN
232,0.00000,675,0,675,675,675,135.03740,368.85075,1360.50000,3716.16650,0,0.11200,0.11200,0,0.00000,0,6.64989,675,NaN,NaN,100,675,2,1360.50000,3716.16650,0,0,0.00000,0.00000,NaN
233,0.00000,677,0,677,677,677,137.02251,371.76227,1380.50000,3745.50000,0,0.11200,0.11200,0,0.00000,0,6.66960,677,NaN,NaN,100,677,2,1380.50000,3745.50000,0,0,0.00000,0.00000,NaN
234,0.00000,678,0,678,678,678,131.46419,372.55631,1324.50000,3753.50000,0,0.11200,0.11200,0,0.00000,0,6.67945,678,NaN,NaN,100,678,2,1324.50000,3753.50000,0,0,0.00000,0.00000,NaN
235,0.00000,682,0,682,682,682,130.93483,378.24699,1319.16675,3810.83350,0,0.11200,0.11200,0,0.00000,0,6.71886,682,NaN,NaN,100,682,2,1319.16675,3810.83350,0,0,0.00000,0.00000,NaN
236,0.00000,684,0,684,684,684,119.28883,382.34953,1201.83337,3852.16650,0,0.11200,0.11200,0,0.00000,0,6.73856,684,NaN,NaN,100,684,2,1201.83337,3852.16650,0,0,0.00000,0.00000,NaN
237,0.00000,686,0,686,686,686,123.39140,385.12869,1243.16675,3880.16650,0,0.11200,0.11200,0,0.00000,0,6.75826,686,NaN,NaN,100,686,2,1243.16675,3880.16650,0,0,0.00000,0.00000,NaN
238,0.00000,680,0,680,680,680,114.92157,374.80609,1157.83337,3776.16650,0,0.11200,0.11200,0,0.00000,0,6.69915,680,NaN,NaN,100,680,2,1157.83337,3776.16650,0,0,0.00000,0.00000,NaN
239,0.00000,676,0,676,676,676,118.62711,370.96822,1195.16663,3737.50000,0,0.11200,0.11200,0,0.00000,0,6.65975,676,NaN,NaN,100,676,2,1195.16663,3737.50000,0,0,0.00000,0.00000,NaN
240,0.00000,673,0,673,673,673,101.68748,370.96822,1024.50000,3737.50000,0,0.11200,0.11200,0,0.00000,0,6.63019,673,NaN,NaN,100,673,2,1024.50000,3737.50000,0,0,0.00000,0.00000,NaN
241,0.00000,681,0,681,681,681,100.09938,374.67378,1008.50000,3774.83350,0,0.11200,0.11200,0,0.00000,0,6.70901,681,NaN,NaN,100,681,2,1008.50000,3774.83350,0,0,0.00000,0.00000,NaN
242,0.00000,683,0,683,683,683,98.51129,380.62913,992.50000,3834.83350,0,0.11200,0.11200,0,0.00000,0,6.72871,683,NaN,NaN,100,683,2,992.50000,3834.83350,0,0,0.00000,0.00000,NaN
243,0.00000,654,0,654,654,654,98.90832,353.89624,996.50000,3565.50000,0,0.11200,0.11200,0,0.00000,0,6.44301,654,NaN,NaN,100,654,2,996.50000,3565.50000,0,0,0.00000,0.00000,NaN
244,0.00000,641,0,641,641,641,98.51129,348.73494,992.50000,3513.50000,0,0.11200,0.11200,0,0.00000,0,6.31494,641,NaN,NaN,100,641,2,992.50000,3513.50000,0,0,0.00000,0.00000,NaN
245,0.00000,632,0,632,632,632,101.95215,343.70600,1027.16663,3462.83350,0,0.11200,0.11200,0,0.00000,0,6.22627,632,NaN,NaN,100,632,2,1027.16663,3462.83350,0,0,0.00000,0.00000,NaN
246,0.00000,616,0,616,616,616,103.80494,337.75066,1045.83337,3402.83350,0,0.11200,0.11200,0,0.00000,0,6.06864,616,NaN,NaN,100,616,2,1045.83337,3402.83350,0,0,0.00000,0.00000,NaN
247,0.00000,645,0,645,645,645,108.17219,350.58770,1089.83337,3532.16650,0,0.11200,0.11200,0,0.00000,0,6.35434,645,NaN,NaN,100,645,2,1089.83337,3532.16650,0,0,0.00000,0.00000,NaN
248,0.00000,639,0,639,639,639,92.82063,347.94090,935.16669,3505.50000,0,0.11200,0.11200,0,0.00000,0,6.29523,639,NaN,NaN,100,639,2,935.16669,3505.50000,0,0,0.00000,0.00000,NaN
249,0.00000,637,0,637,637,637,89.51211,347.27921,901.83331,3498.83350,0,0.11200,0.11200,0,0.00000,0,6.27553,637,NaN,NaN,100,637,2,901.83331,3498.83350,0,0,0.00000,0.00000,NaN
250,0.00000,653,0,653,653,653,90.04147,351.38174,907.16669,3540.16650,0,0.11200,0.11200,0,0.00000,0,6.43316,653,NaN,NaN,100,653,2,907.16669,3540.16650,0,0,0.00000,0.00000,NaN
251,0.00000,664,0,664,664,664,120.21520,359.05754,1211.16663,3617.50000,0,0.11200,0.11200,0,0.00000,0,6.54153,664,NaN,NaN,100,664,2,1211.16663,3617.50000,0,0,0.00000,0.00000,NaN
252,0.00000,662,0,662,662,662,124.31778,357.86647,1252.50000,3605.50000,0,0.11200,0.11200,0,0.00000,0,6.52182,662,NaN,NaN,100,662,2,1252.50000,3605.50000,0,0,0.00000,0.00000,NaN
253,0.00000,636,0,636,636,636,134.11102,346.22045,1351.16675,3488.16650,0,0.11200,0.11200,0,0.00000,0,6.26568,636,NaN,NaN,100,636,2,1351.16675,3488.16650,0,0,0.00000,0.00000,NaN
254,0.00000,626,0,626,626,626,121.27393,341.85320,1221.83325,3444.16650,0,0.11200,0.11200,0,0.00000,0,6.16716,626,NaN,NaN,100,626,2,1221.83325,3444.16650,0,0,0.00000,0.00000,NaN
255,0.00000,586,0,586,586,586,109.89261,308.23861,1107.16663,3105.50000,0,0.11200,0.11200,0,0.00000,0,5.77309,586,NaN,NaN,100,586,2,1107.16663,3105.50000,0,0,0.00000,0.00000,NaN
256,0.00000,465,0,465,465,465,109.62793,275.35187,1104.50000,2774.16650,0,0.11200,0.11200,0,0.00000,0,4.58104,465,NaN,NaN,100,465,2,1104.50000,2774.16650,0,0,0.00000,0.00000,NaN
257,0.00000,481,0,481,481,481,133.58164,278.92507,1345.83325,2810.16650,0,0.11200,0.11200,0,0.00000,0,4.73867,481,NaN,NaN,100,481,2,1345.83325,2810.16650,0,0,0.00000,0.00000,NaN
258,0.00000,472,0,472,472,472,116.11264,276.41063,1169.83337,2784.83350,0,0.11200,0.11200,0,0.00000,0,4.65000,472,NaN,NaN,100,472,2,1169.83337,2784.83350,0,0,0.00000,0.00000,NaN
259,0.00000,456,0,456,456,456,118.62711,274.69018,1195.16663,2767.50000,0,0.11200,0.11200,0,0.00000,0,4.49237,456,NaN,NaN,100,456,2,1195.16663,2767.50000,0,0,0.00000,0.00000,NaN
260,0.00000,572,0,572,572,572,135.83144,305.52561,1368.50000,3078.16650,0,0.11200,0.11200,0,0.00000,0,5.63517,572,NaN,NaN,100,572,2,1368.50000,3078.16650,0,0,0.00000,0.00000,NaN
261,0.00000,556,0,556,556,556,131.19950,300.36431,1321.83325,3026.16650,0,0.11200,0.11200,0,0.00000,0,5.47754,556,NaN,NaN,100,556,2,1321.83325,3026.16650,0,0,0.00000,0.00000,NaN
262,0.00000,550,0,550,550,550,126.69992,299.96729,1276.50000,3022.16650,0,0.11200,0.11200,0,0.00000,0,5.41843,550,NaN,NaN,100,550,2,1276.50000,3022.16650,0,0,0.00000,0.00000,NaN
263,0.00000,537,0,537,537,537,128.42034,297.18813,1293.83325,2994.16650,0,0.11200,0.11200,0,0.00000,0,5.29036,537,NaN,NaN,100,537,2,1293.83325,2994.16650,0,0,0.00000,0.00000,NaN
264,0.00000,575,0,575,575,575,151.44766,306.31965,1525.83325,3086.16650,0,0.11200,0.11200,0,0.00000,0,5.66473,575,NaN,NaN,100,575,2,1525.83325,3086.16650,0,0,0.00000,0.00000,NaN
265,0.00000,563,0,563,563,563,154.49151,303.67285,1556.50000,3059.50000,0,0.11200,0.11200,0,0.00000,0,5.54650,563,NaN,NaN,100,563,2,1556.50000,3059.50000,0,0,0.00000,0.00000,NaN
266,0.00000,551,0,551,551,551,153.96216,299.17324,1551.16675,3014.16650,0,0.11200,0.11200,0,0.00000,0,5.42828,551,NaN,NaN,100,551,2,1551.16675,3014.16650,0,0,0.00000,0.00000,NaN
267,0.00000,514,0,514,514,514,153.82980,290.30643,1549.83325,2924.83350,0,0.11200,0.11200,0,0.00000,0,5.06377,514,NaN,NaN,100,514,2,1549.83325,2924.83350,0,0,0.00000,0.00000,NaN
268,0.00000,503,0,503,503,503,157.66770,286.07149,1588.50000,2882.16650,0,0.11200,0.11200,0,0.00000,0,4.95540,503,NaN,NaN,100,503,2,1588.50000,2882.16650,0,0,0.00000,0.00000,NaN
269,0.00000,502,0,502,502,502,113.86284,289.64469,1147.16663,2918.16650,0,0.11200,0.11200,0,0.00000,0,4.94555,502,NaN,NaN,100,502,2,1147.16663,2918.16650,0,0,0.00000,0.00000,NaN
270,0.00000,567,0,567,567,567,143.11018,303.80521,1441.83325,3060.83350,0,0.11200,0.11200,0,0.00000,0,5.58591,567,NaN,NaN,100,567,2,1441.83325,3060.83350,0,0,0.00000,0.00000,NaN
271,0.00000,632,0,632,632,632,103.57333,345.52566,1043.50000,3481.16650,0,0.11200,0.11200,0,0.00000,0,6.22627,632,NaN,NaN,100,632,2,1043.50000,3481.16650,0,0,0.00000,0.00000,NaN
272,0.00000,622,0,622,622,622,104.63206,340.62907,1054.16663,3431.83350,0,0.11200,0.11200,0,0.00000,0,6.12776,622,NaN,NaN,100,622,2,1054.16663,3431.83350,0,0,0.00000,0.00000,NaN
273,0.00000,616,0,616,616,616,102.11759,339.96734,1028.83337,3425.16650,0,0.11200,0.11200,0,0.00000,0,6.06864,616,NaN,NaN,100,616,2,1028.83337,3425.16650,0,0,0.00000,0.00000,NaN
274,0.00000,644,0,644,644,644,86.89838,348.96655,875.50000,3515.83350,0,0.11200,0.11200,0,0.00000,0,6.34449,644,NaN,NaN,100,644,2,875.50000,3515.83350,0,0,0.00000,0.00000,NaN
275,0.00000,631,0,631,631,631,129.51215,343.01121,1304.83325,3455.83350,0,0.11200,0.11200,0,0.00000,0,6.21642,631,NaN,NaN,100,631,2,1304.83325,3455.83350,0,0,0.00000,0.00000,NaN
276,0.00000,630,0,630,630,630,124.21852,343.54054,1251.50000,3461.16650,0,0.11200,0.11200,0,0.00000,0,6.20657,630,NaN,NaN,100,630,2,1251.50000,3461.16650,0,0,0.00000,0.00000,NaN
277,0.00000,938,0,938,938,938,124.78098,516.08007,1257.16675,5199.50000,0,0.11200,0.11200,0,0.00000,0,9.24089,938,NaN,NaN,100,938,2,1257.16675,5199.50000,0,0,0.00000,0.00000,NaN
278,0.00000,923,0,923,923,923,122.13415,513.03624,1230.50000,5168.83350,0,0.11200,0.11200,0,0.00000,0,9.09312,923,NaN,NaN,100,923,2,1230.50000,5168.83350,0,0,0.00000,0.00000,NaN
279,0.00000,951,0,951,951,951,124.64862,520.97670,1255.83325,5248.83350,0,0.11200,0.11200,0,0.00000,0,9.36896,951,NaN,NaN,100,951,2,1255.83325,5248.83350,0,0,0.00000,0.00000,NaN
280,0.00000,969,0,969,969,969,127.56014,526.13800,1285.16675,5300.83350,0,0.11200,0.11200,0,0.00000,0,9.54629,969,NaN,NaN,100,969,2,1285.16675,5300.83350,0,0,0.00000,0.00000,NaN
281,0.00000,986,0,986,986,986,132.19206,529.71120,1331.83325,5336.83350,0,0.11200,0.11200,0,0.00000,0,9.71377,986,NaN,NaN,100,986,2,1331.83325,5336.83350,0,0,0.00000,0.00000,NaN
282,0.00000,970,0,970,970,970,132.98610,525.47626,1339.83325,5294.16650,0,0.11200,0.11200,0,0.00000,0,9.55615,970,NaN,NaN,100,970,2,1339.83325,5294.16650,0,0,0.00000,0.00000,NaN
283,0.00000,982,0,982,982,982,136.95633,528.38778,1379.83325,5323.50000,0,0.11200,0.11200,0,0.00000,0,9.67437,982,NaN,NaN,100,982,2,1379.83325,5323.50000,0,0,0.00000,0.00000,NaN
284,0.00000,987,0,987,987,987,124.78098,529.71120,1257.16675,5336.83350,0,0.11200,0.11200,0,0.00000,0,9.72362,987,NaN,NaN,100,987,2,1257.16675,5336.83350,0,0,0.00000,0.00000,NaN
285,0.00000,1004,0,1004,1004,1004,126.63374,533.81374,1275.83325,5378.16650,0,0.11200,0.11200,0,0.00000,0,9.89110,1004,NaN,NaN,100,1004,2,1275.83325,5378.16650,0,0,0.00000,0.00000,NaN
286,0.00000,1011,0,1011,1011,1011,122.66351,536.98992,1235.83325,5410.16650,0,0.11200,0.11200,0,0.00000,0,9.96006,1011,NaN,NaN,100,1011,2,1235.83325,5410.16650,0,0,0.00000,0.00000,NaN
287,0.00000,985,0,985,985,985,120.41372,529.04947,1213.16663,5330.16650,0,0.11200,0.11200,0,0.00000,0,9.70392,985,NaN,NaN,100,985,2,1213.16663,5330.16650,0,0,0.00000,0.00000,NaN
288,0.00000,1002,0,1002,1002,1002,119.35499,533.28441,1202.50000,5372.83350,0,0.11200,0.11200,0,0.00000,0,9.87140,1002,NaN,NaN,100,1002,2,1202.50000,5372.83350,0,0,0.00000,0.00000,NaN
289,0.00000,989,0,989,989,989,115.25242,531.16694,1161.16663,5351.50000,0,0.11200,0.11200,0,0.00000,0,9.74333,989,NaN,NaN,100,989,2,1161.16663,5351.50000,0,0,0.00000,0.00000,NaN
290,0.00000,1008,0,1008,1008,1008,114.45837,534.21076,1153.16663,5382.16650,0,0.11200,0.11200,0,0.00000,0,9.93051,1008,NaN,NaN,100,1008,2,1153.16663,5382.16650,0,0,0.00000,0.00000,NaN
291,0.00000,1020,0,1020,1020,1020,116.84051,537.78397,1177.16663,5418.16650,0,0.11200,0.11200,0,0.00000,0,10.04873,1020,NaN,NaN,100,1020,2,1177.16663,5418.16650,0,0,0.00000,0.00000,NaN
292,0.00000,1018,0,1018,1018,1018,114.98774,537.65166,1158.50000,5416.83350,0,0.11200,0.11200,0,0.00000,0,10.02903,1018,NaN,NaN,100,1018,2,1158.50000,5416.83350,0,0,0.00000,0.00000,NaN
293,0.00000,1018,0,1018,1018,1018,114.72306,540.69549,1155.83337,5447.50000,0,0.11200,0.11200,0,0.00000,0,10.02903,1018,NaN,NaN,100,1018,2,1155.83337,5447.50000,0,0,0.00000,0.00000,NaN
294,0.00000,978,0,978,978,978,113.13497,525.87328,1139.83337,5298.16650,0,0.11200,0.11200,0,0.00000,0,9.63496,978,NaN,NaN,100,978,2,1139.83337,5298.16650,0,0,0.00000,0.00000,NaN
295,0.00000,964,0,964,964,964,116.17881,523.09412,1170.50000,5270.16650,0,0.11200,0.11200,0,0.00000,0,9.49704,964,NaN,NaN,100,964,2,1170.50000,5270.16650,0,0,0.00000,0.00000,NaN
296,0.00000,965,0,965,965,965,111.28219,523.09412,1121.16663,5270.16650,0,0.11200,0.11200,0,0.00000,0,9.50689,965,NaN,NaN,100,965,2,1121.16663,5270.16650,0,0,0.00000,0.00000,NaN
297,0.00000,942,0,942,942,942,119.35499,519.12390,1202.50000,5230.16650,0,0.11200,0.11200,0,0.00000,0,9.28030,942,NaN,NaN,100,942,2,1202.50000,5230.16650,0,0,0.00000,0.00000,NaN
298,0.00000,993,0,993,993,993,109.42942,532.22565,1102.50000,5362.16650,0,0.11200,0.11200,0,0.00000,0,9.78273,993,NaN,NaN,100,993,2,1102.50000,5362.16650,0,0,0.00000,0.00000,NaN
299,0.00000,1005,0,1005,1005,1005,104.40047,534.07846,1051.83337,5380.83350,0,0.11200,0.11200,0,0.00000,0,9.90095,1005,NaN,NaN,100,1005,2,1051.83337,5380.83350,0,0,0.00000,0.00000,NaN
300,0.00000,1001,0,1001,1001,1001,99.90087,533.81374,1006.50000,5378.16650,0,0.11200,0.11200,0,0.00000,0,9.86155,1001,NaN,NaN,100,1001,2,1006.50000,5378.16650,0,0,0.00000,0.00000,NaN
301,0.00000,1019,0,1019,1019,1019,110.35581,537.78397,1111.83337,5418.16650,0,0.11200,0.11200,0,0.00000,0,10.03888,1019,NaN,NaN,100,1019,2,1111.83337,5418.16650,0,0,0.00000,0.00000,NaN
302,0.00000,1027,0,1027,1027,1027,105.19452,540.03380,1059.83337,5440.83350,0,0.11200,0.11200,0,0.00000,0,10.11769,1027,NaN,NaN,100,1027,2,1059.83337,5440.83350,0,0,0.00000,0.00000,NaN
303,0.00000,1032,0,1032,1032,1032,108.90005,542.68060,1097.16663,5467.50000,0,0.11200,0.11200,0,0.00000,0,10.16695,1032,NaN,NaN,100,1032,2,1097.16663,5467.50000,0,0,0.00000,0.00000,NaN
304,0.00000,1052,0,1052,1052,1052,110.62049,545.45976,1114.50000,5495.50000,0,0.11200,0.11200,0,0.00000,0,10.36398,1052,NaN,NaN,100,1052,2,1114.50000,5495.50000,0,0,0.00000,0.00000,NaN
305,0.00000,1049,0,1049,1049,1049,116.44349,544.66572,1173.16663,5487.50000,0,0.11200,0.11200,0,0.00000,0,10.33443,1049,NaN,NaN,100,1049,2,1173.16663,5487.50000,0,0,0.00000,0.00000,NaN
306,0.00000,1060,0,1060,1060,1060,115.78179,548.63594,1166.50000,5527.50000,0,0.11200,0.11200,0,0.00000,0,10.44280,1060,NaN,NaN,100,1060,2,1166.50000,5527.50000,0,0,0.00000,0.00000,NaN
307,0.00000,1061,0,1061,1061,1061,122.92820,548.76830,1238.50000,5528.83350,0,0.11200,0.11200,0,0.00000,0,10.45265,1061,NaN,NaN,100,1061,2,1238.50000,5528.83350,0,0,0.00000,0.00000,NaN
308,0.00000,1078,0,1078,1078,1078,119.22265,554.45893,1201.16663,5586.16650,0,0.11200,0.11200,0,0.00000,0,10.62013,1078,NaN,NaN,100,1078,2,1201.16663,5586.16650,0,0,0.00000,0.00000,NaN
309,0.00000,1078,0,1078,1078,1078,118.95797,552.07679,1198.50000,5562.16650,0,0.11200,0.11200,0,0.00000,0,10.62013,1078,NaN,NaN,100,1078,2,1198.50000,5562.16650,0,0,0.00000,0.00000,NaN
310,0.00000,1077,0,1077,1077,1077,114.98774,552.47381,1158.50000,5566.16650,0,0.11200,0.11200,0,0.00000,0,10.61028,1077,NaN,NaN,100,1077,2,1158.50000,5566.16650,0,0,0.00000,0.00000,NaN
311,0.00000,1079,0,1079,1079,1079,110.88517,553.53257,1117.16663,5576.83350,0,0.11200,0.11200,0,0.00000,0,10.62998,1079,NaN,NaN,100,1079,2,1117.16663,5576.83350,0,0,0.00000,0.00000,NaN
312,0.00000,1068,0,1068,1068,1068,108.90005,551.41510,1097.16663,5555.50000,0,0.11200,0.11200,0,0.00000,0,10.52161,1068,NaN,NaN,100,1068,2,1097.16663,5555.50000,0,0,0.00000,0.00000,NaN
313,0.00000,1066,0,1066,1066,1066,105.32685,549.03297,1061.16663,5531.50000,0,0.11200,0.11200,0,0.00000,0,10.50191,1066,NaN,NaN,100,1066,2,1061.16663,5531.50000,0,0,0.00000,0.00000,NaN
314,0.00000,1081,0,1081,1081,1081,123.85458,555.12067,1247.83325,5592.83350,0,0.11200,0.11200,0,0.00000,0,10.64968,1081,NaN,NaN,100,1081,2,1247.83325,5592.83350,0,0,0.00000,0.00000,NaN
315,0.00000,1074,0,1074,1074,1074,126.10438,551.54746,1270.50000,5556.83350,0,0.11200,0.11200,0,0.00000,0,10.58072,1074,NaN,NaN,100,1074,2,1270.50000,5556.83350,0,0,0.00000,0.00000,NaN
316,0.00000,1074,0,1074,1074,1074,128.08950,553.92960,1290.50000,5580.83350,0,0.11200,0.11200,0,0.00000,0,10.58072,1074,NaN,NaN,100,1074,2,1290.50000,5580.83350,0,0,0.00000,0.00000,NaN
317,0.00000,1063,0,1063,1063,1063,131.66270,549.69466,1326.50000,5538.16650,0,0.11200,0.11200,0,0.00000,0,10.47235,1063,NaN,NaN,100,1063,2,1326.50000,5538.16650,0,0,0.00000,0.00000,NaN
318,0.00000,1043,0,1043,1043,1043,131.26568,545.19510,1322.50000,5492.83350,0,0.11200,0.11200,0,0.00000,0,10.27532,1043,NaN,NaN,100,1043,2,1322.50000,5492.83350,0,0,0.00000,0.00000,NaN
319,0.00000,1056,0,1056,1056,1056,126.23671,546.78319,1271.83325,5508.83350,0,0.11200,0.11200,0,0.00000,0,10.40339,1056,NaN,NaN,100,1056,2,1271.83325,5508.83350,0,0,0.00000,0.00000,NaN
320,0.00000,1041,0,1041,1041,1041,126.23671,543.07762,1271.83325,5471.50000,0,0.11200,0.11200,0,0.00000,0,10.25562,1041,NaN,NaN,100,1041,2,1271.83325,5471.50000,0,0,0.00000,0.00000,NaN
321,0.00000,1042,0,1042,1042,1042,122.66351,543.73931,1235.83325,5478.16650,0,0.11200,0.11200,0,0.00000,0,10.26547,1042,NaN,NaN,100,1042,2,1235.83325,5478.16650,0,0,0.00000,0.00000,NaN
322,0.00000,1031,0,1031,1031,1031,122.66351,541.48953,1235.83325,5455.50000,0,0.11200,0.11200,0,0.00000,0,10.15710,1031,NaN,NaN,100,1031,2,1235.83325,5455.50000,0,0,0.00000,0.00000,NaN
323,0.00000,1023,0,1023,1023,1023,124.91331,539.23975,1258.50000,5432.83350,0,0.11200,0.11200,0,0.00000,0,10.07829,1023,NaN,NaN,100,1023,2,1258.50000,5432.83350,0,0,0.00000,0.00000,NaN
324,0.00000,1021,0,1021,1021,1021,133.11846,539.10740,1341.16675,5431.50000,0,0.11200,0.11200,0,0.00000,0,10.05858,1021,NaN,NaN,100,1021,2,1341.16675,5431.50000,0,0,0.00000,0.00000,NaN
325,0.00000,956,0,956,956,956,129.54525,522.03541,1305.16675,5259.50000,0,0.11200,0.11200,0,0.00000,0,9.41822,956,NaN,NaN,100,956,2,1305.16675,5259.50000,0,0,0.00000,0.00000,NaN
326,0.00000,910,0,910,910,910,124.78098,507.74259,1257.16675,5115.50000,0,0.11200,0.11200,0,0.00000,0,8.96504,910,NaN,NaN,100,910,2,1257.16675,5115.50000,0,0,0.00000,0.00000,NaN
327,0.00000,909,0,909,909,909,120.81075,507.34557,1217.16675,5111.50000,0,0.11200,0.11200,0,0.00000,0,8.95519,909,NaN,NaN,100,909,2,1217.16675,5111.50000,0,0,0.00000,0.00000,NaN
328,0.00000,882,0,882,882,882,120.01669,502.97832,1209.16663,5067.50000,0,0.11200,0.11200,0,0.00000,0,8.68920,882,NaN,NaN,100,882,2,1209.16663,5067.50000,0,0,0.00000,0.00000,NaN
329,0.00000,895,0,895,895,895,129.94228,503.90472,1309.16675,5076.83350,0,0.11200,0.11200,0,0.00000,0,8.81727,895,NaN,NaN,100,895,2,1309.16675,5076.83350,0,0,0.00000,0.00000,NaN
330,0.00000,1022,0,1022,1022,1022,128.48652,539.63678,1294.50000,5436.83350,0,0.11200,0.11200,0,0.00000,0,10.06843,1022,NaN,NaN,100,1022,2,1294.50000,5436.83350,0,0,0.00000,0.00000,NaN
331,0.00000,1007,0,1007,1007,1007,131.66270,535.00481,1326.50000,5390.16650,0,0.11200,0.11200,0,0.00000,0,9.92066,1007,NaN,NaN,100,1007,2,1326.50000,5390.16650,0,0,0.00000,0.00000,NaN
332,0.00000,988,0,988,988,988,103.34173,530.93533,1041.16663,5349.16650,0,0.11200,0.11200,0,0.00000,0,9.73348,988,NaN,NaN,100,988,2,1041.16663,5349.16650,0,0,0.00000,0.00000,NaN
333,0.00000,1001,0,1001,1001,1001,100.56257,535.56729,1013.16663,5395.83350,0,0.11200,0.11200,0,0.00000,0,9.86155,1001,NaN,NaN,100,1001,2,1013.16663,5395.83350,0,0,0.00000,0.00000,NaN
334,0.00000,1001,0,1001,1001,1001,97.65108,533.58218,983.83337,5375.83350,0,0.11200,0.11200,0,0.00000,0,9.86155,1001,NaN,NaN,100,1001,2,983.83337,5375.83350,0,0,0.00000,0.00000,NaN
335,0.00000,1095,0,1095,1095,1095,103.47408,558.99159,1042.50000,5631.83301,0,0.11200,0.11200,0,0.00000,0,10.78761,1095,NaN,NaN,100,1095,2,1042.50000,5631.83301,0,0,0.00000,0.00000,NaN
336,0.00000,1091,0,1091,1091,1091,110.35581,557.53586,1111.83337,5617.16650,0,0.11200,0.11200,0,0.00000,0,10.74820,1091,NaN,NaN,100,1091,2,1111.83337,5617.16650,0,0,0.00000,0.00000,NaN
337,0.00000,1092,0,1092,1092,1092,114.45837,558.19754,1153.16663,5623.83301,0,0.11200,0.11200,0,0.00000,0,10.75805,1092,NaN,NaN,100,1092,2,1153.16663,5623.83301,0,0,0.00000,0.00000,NaN
338,0.00000,1106,0,1106,1106,1106,115.12009,564.15289,1159.83337,5683.83301,0,0.11200,0.11200,0,0.00000,0,10.89598,1106,NaN,NaN,100,1106,2,1159.83337,5683.83301,0,0,0.00000,0.00000,NaN
339,0.00000,1098,0,1098,1098,1098,119.61967,562.96182,1205.16663,5671.83301,0,0.11200,0.11200,0,0.00000,0,10.81716,1098,NaN,NaN,100,1098,2,1205.16663,5671.83301,0,0,0.00000,0.00000,NaN
340,0.00000,1119,0,1119,1119,1119,115.91413,568.12312,1167.83337,5723.83301,0,0.11200,0.11200,0,0.00000,0,11.02405,1119,NaN,NaN,100,1119,2,1167.83337,5723.83301,0,0,0.00000,0.00000,NaN
341,0.00000,1124,0,1124,1124,1124,120.14904,570.24059,1210.50000,5745.16650,0,0.11200,0.11200,0,0.00000,0,11.07331,1124,NaN,NaN,100,1124,2,1210.50000,5745.16650,0,0,0.00000,0.00000,NaN
342,0.00000,1114,0,1114,1114,1114,123.98693,566.00569,1249.16675,5702.50000,0,0.11200,0.11200,0,0.00000,0,10.97479,1114,NaN,NaN,100,1114,2,1249.16675,5702.50000,0,0,0.00000,0.00000,NaN
343,0.00000,1099,0,1099,1099,1099,124.51629,562.96182,1254.50000,5671.83301,0,0.11200,0.11200,0,0.00000,0,10.82701,1099,NaN,NaN,100,1099,2,1254.50000,5671.83301,0,0,0.00000,0.00000,NaN
344,0.00000,1111,0,1111,1111,1111,129.41290,566.27036,1303.83325,5705.16650,0,0.11200,0.11200,0,0.00000,0,10.94523,1111,NaN,NaN,100,1111,2,1303.83325,5705.16650,0,0,0.00000,0.00000,NaN
345,0.00000,1116,0,1116,1116,1116,134.44186,566.93205,1354.50000,5711.83301,0,0.11200,0.11200,0,0.00000,0,10.99449,1116,NaN,NaN,100,1116,2,1354.50000,5711.83301,0,0,0.00000,0.00000,NaN
346,0.00000,1130,0,1130,1130,1130,135.23591,570.50525,1362.50000,5747.83301,0,0.11200,0.11200,0,0.00000,0,11.13242,1130,NaN,NaN,100,1130,2,1362.50000,5747.83301,0,0,0.00000,0.00000,NaN
347,0.00000,1127,0,1127,1127,1127,130.86866,570.76997,1318.50000,5750.50000,0,0.11200,0.11200,0,0.00000,0,11.10286,1127,NaN,NaN,100,1127,2,1318.50000,5750.50000,0,0,0.00000,0.00000,NaN
348,0.00000,1139,0,1139,1139,1139,132.19206,573.94615,1331.83325,5782.50000,0,0.11200,0.11200,0,0.00000,0,11.22108,1139,NaN,NaN,100,1139,2,1331.83325,5782.50000,0,0,0.00000,0.00000,NaN
349,0.00000,1140,0,1140,1140,1140,136.69167,573.94615,1377.16675,5782.50000,0,0.11200,0.11200,0,0.00000,0,11.23093,1140,NaN,NaN,100,1140,2,1377.16675,5782.50000,0,0,0.00000,0.00000,NaN
350,0.00000,1147,0,1147,1147,1147,128.61885,578.57807,1295.83325,5829.16650,0,0.11200,0.11200,0,0.00000,0,11.29990,1147,NaN,NaN,100,1147,2,1295.83325,5829.16650,0,0,0.00000,0.00000,NaN
351,0.00000,1134,0,1134,1134,1134,127.56014,574.60784,1285.16675,5789.16650,0,0.11200,0.11200,0,0.00000,0,11.17182,1134,NaN,NaN,100,1134,2,1285.16675,5789.16650,0,0,0.00000,0.00000,NaN
352,0.00000,1141,0,1141,1141,1141,123.19289,574.21082,1241.16675,5785.16650,0,0.11200,0.11200,0,0.00000,0,11.24079,1141,NaN,NaN,100,1141,2,1241.16675,5785.16650,0,0,0.00000,0.00000,NaN
353,0.00000,1151,0,1151,1151,1151,120.28138,577.65166,1211.83337,5819.83301,0,0.11200,0.11200,0,0.00000,0,11.33930,1151,NaN,NaN,100,1151,2,1211.83337,5819.83301,0,0,0.00000,0.00000,NaN
354,0.00000,1153,0,1153,1153,1153,114.59072,578.84273,1154.50000,5831.83301,0,0.11200,0.11200,0,0.00000,0,11.35901,1153,NaN,NaN,100,1153,2,1154.50000,5831.83301,0,0,0.00000,0.00000,NaN
355,0.00000,1169,0,1169,1169,1169,118.69329,584.13639,1195.83337,5885.16650,0,0.11200,0.11200,0,0.00000,0,11.51663,1169,NaN,NaN,100,1169,2,1195.83337,5885.16650,0,0,0.00000,0.00000,NaN
356,0.00000,1170,0,1170,1170,1170,122.53118,584.53341,1234.50000,5889.16650,0,0.11200,0.11200,0,0.00000,0,11.52648,1170,NaN,NaN,100,1170,2,1234.50000,5889.16650,0,0,0.00000,0.00000,NaN
357,0.00000,1163,0,1163,1163,1163,126.89843,582.41594,1278.50000,5867.83301,0,0.11200,0.11200,0,0.00000,0,11.45752,1163,NaN,NaN,100,1163,2,1278.50000,5867.83301,0,0,0.00000,0.00000,NaN
358,0.00000,1172,0,1172,1172,1172,129.41290,584.53341,1303.83325,5889.16650,0,0.11200,0.11200,0,0.00000,0,11.54619,1172,NaN,NaN,100,1172,2,1303.83325,5889.16650,0,0,0.00000,0.00000,NaN
359,0.00000,1165,0,1165,1165,1165,132.98610,581.09256,1339.83325,5854.50000,0,0.11200,0.11200,0,0.00000,0,11.47723,1165,NaN,NaN,100,1165,2,1339.83325,5854.50000,0,0,0.00000,0.00000,NaN
360,0.00000,1167,0,1167,1167,1167,136.16229,584.93043,1371.83325,5893.16650,0,0.11200,0.11200,0,0.00000,0,11.49693,1167,NaN,NaN,100,1167,2,1371.83325,5893.16650,0,0,0.00000,0.00000,NaN
361,0.00000,1158,0,1158,1158,1158,140.79423,580.69554,1418.50000,5850.50000,0,0.11200,0.11200,0,0.00000,0,11.40826,1158,NaN,NaN,100,1158,2,1418.50000,5850.50000,0,0,0.00000,0.00000,NaN
362,0.00000,1145,0,1145,1145,1145,140.00018,576.59295,1410.50000,5809.16650,0,0.11200,0.11200,0,0.00000,0,11.28019,1145,NaN,NaN,100,1145,2,1410.50000,5809.16650,0,0,0.00000,0.00000,NaN
363,0.00000,1217,0,1217,1217,1217,121.93564,599.88494,1228.50000,6043.83301,0,0.11200,0.11200,0,0.00000,0,11.98951,1217,NaN,NaN,100,1217,2,1228.50000,6043.83301,0,0,0.00000,0.00000,NaN
364,0.00000,1208,0,1208,1208,1208,125.24416,596.84112,1261.83325,6013.16650,0,0.11200,0.11200,0,0.00000,0,11.90085,1208,NaN,NaN,100,1208,2,1261.83325,6013.16650,0,0,0.00000,0.00000,NaN
365,0.00000,1219,0,1219,1219,1219,125.37651,600.14966,1263.16675,6046.50000,0,0.11200,0.11200,0,0.00000,0,12.00922,1219,NaN,NaN,100,1219,2,1263.16675,6046.50000,0,0,0.00000,0.00000,NaN
366,0.00000,1215,0,1215,1215,1215,130.00843,600.54668,1309.83325,6050.50000,0,0.11200,0.11200,0,0.00000,0,11.96981,1215,NaN,NaN,100,1215,2,1309.83325,6050.50000,0,0,0.00000,0.00000,NaN
367,0.00000,1204,0,1204,1204,1204,131.33186,595.78241,1323.16675,6002.50000,0,0.11200,0.11200,0,0.00000,0,11.86144,1204,NaN,NaN,100,1204,2,1323.16675,6002.50000,0,0,0.00000,0.00000,NaN
368,0.00000,1213,0,1213,1213,1213,134.24335,598.29685,1352.50000,6027.83301,0,0.11200,0.11200,0,0.00000,0,11.95011,1213,NaN,NaN,100,1213,2,1352.50000,6027.83301,0,0,0.00000,0.00000,NaN
369,0.00000,1202,0,1202,1202,1202,136.09613,595.25303,1371.16675,5997.16650,0,0.11200,0.11200,0,0.00000,0,11.84174,1202,NaN,NaN,100,1202,2,1371.16675,5997.16650,0,0,0.00000,0.00000,NaN
370,0.00000,1205,0,1205,1205,1205,119.55350,596.31174,1204.50000,6007.83301,0,0.11200,0.11200,0,0.00000,0,11.87129,1205,NaN,NaN,100,1205,2,1204.50000,6007.83301,0,0,0.00000,0.00000,NaN
371,0.00000,1192,0,1192,1192,1192,125.50885,592.47387,1264.50000,5969.16650,0,0.11200,0.11200,0,0.00000,0,11.74322,1192,NaN,NaN,100,1192,2,1264.50000,5969.16650,0,0,0.00000,0.00000,NaN
372,0.00000,1189,0,1189,1189,1189,119.55350,592.07684,1204.50000,5965.16650,0,0.11200,0.11200,0,0.00000,0,11.71367,1189,NaN,NaN,100,1189,2,1204.50000,5965.16650,0,0,0.00000,0.00000,NaN
373,0.00000,1198,0,1198,1198,1198,114.92157,592.87089,1157.83337,5973.16650,0,0.11200,0.11200,0,0.00000,0,11.80233,1198,NaN,NaN,100,1198,2,1157.83337,5973.16650,0,0,0.00000,0.00000,NaN
374,0.00000,1212,0,1212,1212,1212,112.80412,597.89983,1136.50000,6023.83301,0,0.11200,0.11200,0,0.00000,0,11.94026,1212,NaN,NaN,100,1212,2,1136.50000,6023.83301,0,0,0.00000,0.00000,NaN
375,0.00000,1207,0,1207,1207,1207,110.55432,596.70876,1113.83337,6011.83301,0,0.11200,0.11200,0,0.00000,0,11.89100,1207,NaN,NaN,100,1207,2,1113.83337,6011.83301,0,0,0.00000,0.00000,NaN
376,0.00000,1212,0,1212,1212,1212,114.92157,597.89983,1157.83337,6023.83301,0,0.11200,0.11200,0,0.00000,0,11.94026,1212,NaN,NaN,100,1212,2,1157.83337,6023.83301,0,0,0.00000,0.00000,NaN
377,0.00000,0,0,0,0,0,112.27475,600.41432,1131.16663,6049.16650,0,0.11200,0.11200,0,0.00000,0,0.00000,0,NaN,NaN,0,0,2,1131.16663,6049.16650,0,0,0.00000,0.00000,NaN
378,0.00000,1198,0,1198,1198,1198,113.99518,594.45898,1148.50000,5989.16650,0,0.11200,0.11200,0,0.00000,0,11.80233,1198,NaN,NaN,100,1198,2,1148.50000,5989.16650,0,0,0.00000,0.00000,NaN
379,0.00000,1198,0,1198,1198,1198,116.11264,594.98836,1169.83337,5994.50000,0,0.11200,0.11200,0,0.00000,0,11.80233,1198,NaN,NaN,100,1198,2,1169.83337,5994.50000,0,0,0.00000,0.00000,NaN
380,0.00000,1210,0,1210,1210,1210,139.80167,598.56157,1408.50000,6030.50000,0,0.11200,0.11200,0,0.00000,0,11.92055,1210,NaN,NaN,100,1210,2,1408.50000,6030.50000,0,0,0.00000,0.00000,NaN
381,0.00000,1229,0,1229,1229,1229,135.43442,603.32584,1364.50000,6078.50000,0,0.11200,0.11200,0,0.00000,0,12.10773,1229,NaN,NaN,100,1229,2,1364.50000,6078.50000,0,0,0.00000,0.00000,NaN
382,0.00000,1237,0,1237,1237,1237,135.16973,607.82540,1361.83325,6123.83301,0,0.11200,0.11200,0,0.00000,0,12.18655,1237,NaN,NaN,100,1237,2,1361.83325,6123.83301,0,0,0.00000,0.00000,NaN
383,0.00000,1246,0,1246,1246,1246,132.39057,611.53096,1333.83325,6161.16650,0,0.11200,0.11200,0,0.00000,0,12.27521,1246,NaN,NaN,100,1246,2,1333.83325,6161.16650,0,0,0.00000,0.00000,NaN
384,0.00000,1236,0,1236,1236,1236,129.87610,607.56073,1308.50000,6121.16650,0,0.11200,0.11200,0,0.00000,0,12.17670,1236,NaN,NaN,100,1236,2,1308.50000,6121.16650,0,0,0.00000,0.00000,NaN
385,0.00000,1259,0,1259,1259,1259,126.69992,616.16288,1276.50000,6207.83301,0,0.11200,0.11200,0,0.00000,0,12.40329,1259,NaN,NaN,100,1259,2,1276.50000,6207.83301,0,0,0.00000,0.00000,NaN
386,0.00000,1260,0,1260,1260,1260,133.97866,616.82462,1349.83325,6214.50000,0,0.11200,0.11200,0,0.00000,0,12.41314,1260,NaN,NaN,100,1260,2,1349.83325,6214.50000,0,0,0.00000,0.00000,NaN
387,0.00000,1247,0,1247,1247,1247,135.69911,611.53096,1367.16675,6161.16650,0,0.11200,0.11200,0,0.00000,0,12.28507,1247,NaN,NaN,100,1247,2,1367.16675,6161.16650,0,0,0.00000,0.00000,NaN
388,0.00000,1270,0,1270,1270,1270,128.55270,621.72120,1295.16675,6263.83301,0,0.11200,0.11200,0,0.00000,0,12.51165,1270,NaN,NaN,100,1270,2,1295.16675,6263.83301,0,0,0.00000,0.00000,NaN
389,0.00000,1265,0,1265,1265,1265,131.33186,620.26547,1323.16675,6249.16650,0,0.11200,0.11200,0,0.00000,0,12.46240,1265,NaN,NaN,100,1265,2,1323.16675,6249.16650,0,0,0.00000,0.00000,NaN
390,0.00000,1256,0,1256,1256,1256,131.33186,615.63355,1323.16675,6202.50000,0,0.11200,0.11200,0,0.00000,0,12.37373,1256,NaN,NaN,100,1256,2,1323.16675,6202.50000,0,0,0.00000,0.00000,NaN
391,0.00000,1275,0,1275,1275,1275,131.72888,625.69143,1327.16675,6303.83301,0,0.11200,0.11200,0,0.00000,0,12.56091,1275,NaN,NaN,100,1275,2,1327.16675,6303.83301,0,0,0.00000,0.00000,NaN
392,0.00000,1277,0,1277,1277,1277,135.83144,625.02974,1368.50000,6297.16650,0,0.11200,0.11200,0,0.00000,0,12.58062,1277,NaN,NaN,100,1277,2,1368.50000,6297.16650,0,0,0.00000,0.00000,NaN
393,0.00000,1280,0,1280,1280,1280,136.89018,628.33828,1379.16675,6330.50000,0,0.11200,0.11200,0,0.00000,0,12.61017,1280,NaN,NaN,100,1280,2,1379.16675,6330.50000,0,0,0.00000,0.00000,NaN
394,0.00000,1273,0,1273,1273,1273,141.91912,622.77996,1429.83325,6274.50000,0,0.11200,0.11200,0,0.00000,0,12.54121,1273,NaN,NaN,100,1273,2,1429.83325,6274.50000,0,0,0.00000,0.00000,NaN
395,0.00000,1264,0,1264,1264,1264,144.03659,619.73609,1451.16675,6243.83301,0,0.11200,0.11200,0,0.00000,0,12.45254,1264,NaN,NaN,100,1264,2,1451.16675,6243.83301,0,0,0.00000,0.00000,NaN
396,0.00000,1254,0,1254,1254,1254,144.69828,615.89821,1457.83325,6205.16650,0,0.11200,0.11200,0,0.00000,0,12.35403,1254,NaN,NaN,100,1254,2,1457.83325,6205.16650,0,0,0.00000,0.00000,NaN
397,0.00000,1216,0,1216,1216,1216,142.31614,599.22325,1433.83325,6037.16650,0,0.11200,0.11200,0,0.00000,0,11.97966,1216,NaN,NaN,100,1216,2,1433.83325,6037.16650,0,0,0.00000,0.00000,NaN
398,0.00000,1194,0,1194,1194,1194,144.56594,592.87089,1456.50000,5973.16650,0,0.11200,0.11200,0,0.00000,0,11.76293,1194,NaN,NaN,100,1194,2,1456.50000,5973.16650,0,0,0.00000,0.00000,NaN
399,0.00000,1185,0,1185,1185,1185,144.69828,589.82706,1457.83325,5942.50000,0,0.11200,0.11200,0,0.00000,0,11.67426,1185,NaN,NaN,100,1185,2,1457.83325,5942.50000,0,0,0.00000,0.00000,NaN
400,0.00000,1187,0,1187,1187,1187,140.72805,590.09173,1417.83325,5945.16650,0,0.11200,0.11200,0,0.00000,0,11.69396,1187,NaN,NaN,100,1187,2,1417.83325,5945.16650,0,0,0.00000,0.00000,NaN
401,0.00000,1186,0,1186,1186,1186,137.94889,589.69471,1389.83325,5941.16650,0,0.11200,0.11200,0,0.00000,0,11.68411,1186,NaN,NaN,100,1186,2,1389.83325,5941.16650,0,0,0.00000,0.00000,NaN
402,0.00000,1199,0,1199,1199,1199,140.19869,594.32662,1412.50000,5987.83301,0,0.11200,0.11200,0,0.00000,0,11.81218,1199,NaN,NaN,100,1199,2,1412.50000,5987.83301,0,0,0.00000,0.00000,NaN
403,0.00000,1226,0,1226,1226,1226,140.06636,601.73775,1411.16675,6062.50000,0,0.11200,0.11200,0,0.00000,0,12.07818,1226,NaN,NaN,100,1226,2,1411.16675,6062.50000,0,0,0.00000,0.00000,NaN
404,0.00000,1230,0,1230,1230,1230,123.78842,604.11989,1247.16675,6086.50000,0,0.11200,0.11200,0,0.00000,0,12.11759,1230,NaN,NaN,100,1230,2,1247.16675,6086.50000,0,0,0.00000,0.00000,NaN
405,0.00000,1235,0,1235,1235,1235,125.11182,607.16371,1260.50000,6117.16650,0,0.11200,0.11200,0,0.00000,0,12.16684,1235,NaN,NaN,100,1235,2,1260.50000,6117.16650,0,0,0.00000,0.00000,NaN
406,0.00000,1231,0,1231,1231,1231,120.74457,603.85517,1216.50000,6083.83301,0,0.11200,0.11200,0,0.00000,0,12.12744,1231,NaN,NaN,100,1231,2,1216.50000,6083.83301,0,0,0.00000,0.00000,NaN
407,0.00000,1126,0,1126,1126,1126,139.80167,570.76997,1408.50000,5750.50000,0,0.11200,0.11200,0,0.00000,0,11.09301,1126,NaN,NaN,100,1126,2,1408.50000,5750.50000,0,0,0.00000,0.00000,NaN
408,0.00000,1267,0,1267,1267,1267,156.74132,619.86844,1579.16675,6245.16650,0,0.11200,0.11200,0,0.00000,0,12.48210,1267,NaN,NaN,100,1267,2,1579.16675,6245.16650,0,0,0.00000,0.00000,NaN
409,0.00000,1272,0,1272,1272,1272,157.27067,624.23569,1584.50000,6289.16650,0,0.11200,0.11200,0,0.00000,0,12.53136,1272,NaN,NaN,100,1272,2,1584.50000,6289.16650,0,0,0.00000,0.00000,NaN
410,0.00000,1254,0,1254,1254,1254,145.88934,615.23653,1469.83325,6198.50000,0,0.11200,0.11200,0,0.00000,0,12.35403,1254,NaN,NaN,100,1254,2,1469.83325,6198.50000,0,0,0.00000,0.00000,NaN
411,0.00000,1345,0,1345,1345,1345,149.85957,679.52113,1509.83325,6846.16650,0,0.11200,0.11200,0,0.00000,0,13.25053,1345,NaN,NaN,100,1345,2,1509.83325,6846.16650,0,0,0.00000,0.00000,NaN
412,0.00000,1347,0,1347,1347,1347,151.44766,683.22669,1525.83325,6883.50000,0,0.11200,0.11200,0,0.00000,0,13.27023,1347,NaN,NaN,100,1347,2,1525.83325,6883.50000,0,0,0.00000,0.00000,NaN
413,0.00000,1350,0,1350,1350,1350,156.21194,687.99096,1573.83325,6931.50000,0,0.11200,0.11200,0,0.00000,0,13.29979,1350,NaN,NaN,100,1350,2,1573.83325,6931.50000,0,0,0.00000,0.00000,NaN
414,0.00000,1190,0,1190,1190,1190,129.31364,591.77908,1302.83325,5962.16650,0,0.11200,0.11200,0,0.00000,0,11.72352,1190,NaN,NaN,100,1190,2,1302.83325,5962.16650,0,0,0.00000,0.00000,NaN
415,0.00000,1181,0,1181,1181,1181,125.34341,588.86756,1262.83325,5932.83301,0,0.11200,0.11200,0,0.00000,0,11.63485,1181,NaN,NaN,100,1181,2,1262.83325,5932.83301,0,0,0.00000,0.00000,NaN
416,0.00000,1182,0,1182,1182,1182,129.44600,588.73525,1304.16675,5931.50000,0,0.11200,0.11200,0,0.00000,0,11.64470,1182,NaN,NaN,100,1182,2,1304.16675,5931.50000,0,0,0.00000,0.00000,NaN
417,0.00000,1010,0,1010,1010,1010,136.92325,536.26208,1379.50000,5402.83350,0,0.11200,0.11200,0,0.00000,0,9.95021,1010,NaN,NaN,100,1010,2,1379.50000,5402.83350,0,0,0.00000,0.00000,NaN
418,0.00000,975,0,975,975,975,156.47663,526.63428,1576.50000,5305.83350,0,0.11200,0.11200,0,0.00000,0,9.60540,975,NaN,NaN,100,975,2,1576.50000,5305.83350,0,0,0.00000,0.00000,NaN
419,0.00000,640,0,640,640,640,115.88104,347.64313,1167.50000,3502.50000,0,0.11200,0.11200,0,0.00000,0,6.30509,640,NaN,NaN,100,640,2,1167.50000,3502.50000,0,0,0.00000,0.00000,NaN
420,0.00000,643,0,643,643,643,129.11513,347.90779,1300.83325,3505.16650,0,0.11200,0.11200,0,0.00000,0,6.33464,643,NaN,NaN,100,643,2,1300.83325,3505.16650,0,0,0.00000,0.00000,NaN
421,0.00000,512,0,512,512,512,119.02414,289.90941,1199.16663,2920.83350,0,0.11200,0.11200,0,0.00000,0,5.04407,512,NaN,NaN,100,512,2,1199.16663,2920.83350,0,0,0.00000,0.00000,NaN
422,0.00000,511,0,511,511,511,142.18381,289.11536,1432.50000,2912.83350,0,0.11200,0.11200,0,0.00000,0,5.03422,511,NaN,NaN,100,511,2,1432.50000,2912.83350,0,0,0.00000,0.00000,NaN
423,0.00000,492,0,492,492,492,140.86040,283.29233,1419.16675,2854.16650,0,0.11200,0.11200,0,0.00000,0,4.84703,492,NaN,NaN,100,492,2,1419.16675,2854.16650,0,0,0.00000,0.00000,NaN
424,0.00000,603,0,603,603,603,110.42198,318.36269,1112.50000,3207.50000,0,0.11200,0.11200,0,0.00000,0,5.94057,603,NaN,NaN,100,603,2,1112.50000,3207.50000,0,0,0.00000,0.00000,NaN
425,0.00000,583,0,583,583,583,106.18707,308.83415,1069.83337,3111.50000,0,0.11200,0.11200,0,0.00000,0,5.74354,583,NaN,NaN,100,583,2,1069.83337,3111.50000,0,0,0.00000,0.00000,NaN
426,0.00000,430,0,430,430,430,131.86121,265.19473,1328.50000,2671.83350,0,0.11200,0.11200,0,0.00000,0,4.23623,430,NaN,NaN,100,430,2,1328.50000,2671.83350,0,0,0.00000,0.00000,NaN
427,0.00000,426,0,426,426,426,133.97866,264.26833,1349.83325,2662.50000,0,0.11200,0.11200,0,0.00000,0,4.19682,426,NaN,NaN,100,426,2,1349.83325,2662.50000,0,0,0.00000,0.00000,NaN
428,0.00000,411,0,411,411,411,138.74293,263.34193,1397.83325,2653.16650,0,0.11200,0.11200,0,0.00000,0,4.04905,411,NaN,NaN,100,411,2,1397.83325,2653.16650,0,0,0.00000,0.00000,NaN
429,0.00000,434,0,434,434,434,147.47744,267.04749,1485.83325,2690.50000,0,0.11200,0.11200,0,0.00000,0,4.27564,434,NaN,NaN,100,434,2,1485.83325,2690.50000,0,0,0.00000,0.00000,NaN
430,0.00000,402,0,402,402,402,126.30289,259.37170,1272.50000,2613.16650,0,0.11200,0.11200,0,0.00000,0,3.96038,402,NaN,NaN,100,402,2,1272.50000,2613.16650,0,0,0.00000,0.00000,NaN
431,0.00000,360,0,360,360,360,117.03902,248.38742,1179.16663,2502.50000,0,0.11200,0.11200,0,0.00000,0,3.54661,360,NaN,NaN,100,360,2,1179.16663,2502.50000,0,0,0.00000,0.00000,NaN
432,0.00000,247,0,247,247,247,139.00762,219.40475,1400.50000,2210.50000,0,0.11200,0.11200,0,0.00000,0,2.43337,247,NaN,NaN,100,247,2,1400.50000,2210.50000,0,0,0.00000,0.00000,NaN
433,0.00000,263,0,263,263,263,145.09530,222.71327,1461.83325,2243.83325,0,0.11200,0.11200,0,0.00000,0,2.59100,263,NaN,NaN,100,263,2,1461.83325,2243.83325,0,0,0.00000,0.00000,NaN
434,0.00000,261,0,261,261,261,151.31533,222.05158,1524.50000,2237.16675,0,0.11200,0.11200,0,0.00000,0,2.57129,261,NaN,NaN,100,261,2,1524.50000,2237.16675,0,0,0.00000,0.00000,NaN
435,0.00000,174,0,174,174,174,131.72888,199.95063,1327.16675,2014.50000,0,0.11200,0.11200,0,0.00000,0,1.71420,174,NaN,NaN,100,174,2,1327.16675,2014.50000,0,0,0.00000,0.00000,NaN
436,0.00000,255,0,255,255,255,148.00682,219.53708,1491.16675,2211.83325,0,0.11200,0.11200,0,0.00000,0,2.51218,255,NaN,NaN,100,255,2,1491.16675,2211.83325,0,0,0.00000,0.00000,NaN
437,0.00000,250,0,250,250,250,145.35999,218.61070,1464.50000,2202.50000,0,0.11200,0.11200,0,0.00000,0,2.46292,250,NaN,NaN,100,250,2,1464.50000,2202.50000,0,0,0.00000,0.00000,NaN
438,0.00000,245,0,245,245,245,142.44850,218.87539,1435.16675,2205.16675,0,0.11200,0.11200,0,0.00000,0,2.41367,245,NaN,NaN,100,245,2,1435.16675,2205.16675,0,0,0.00000,0.00000,NaN
439,0.00000,297,0,297,297,297,153.56514,231.05074,1547.16675,2327.83325,0,0.11200,0.11200,0,0.00000,0,2.92595,297,NaN,NaN,100,297,2,1547.16675,2327.83325,0,0,0.00000,0.00000,NaN
440,0.00000,367,0,367,367,367,121.67095,249.31380,1225.83325,2511.83325,0,0.11200,0.11200,0,0.00000,0,3.61557,367,NaN,NaN,100,367,2,1225.83325,2511.83325,0,0,0.00000,0.00000,NaN
441,0.00000,380,0,380,380,380,110.42198,253.41636,1112.50000,2553.16650,0,0.11200,0.11200,0,0.00000,0,3.74364,380,NaN,NaN,100,380,2,1112.50000,2553.16650,0,0,0.00000,0.00000,NaN
442,0.00000,118,0,118,118,118,118.36244,184.20206,1192.50000,1855.83337,0,0.11200,0.11200,0,0.00000,0,1.16250,118,NaN,NaN,100,118,2,1192.50000,1855.83337,0,0,0.00000,0.00000,NaN
443,0.00000,144,0,144,144,144,122.33266,190.28974,1232.50000,1917.16663,0,0.11200,0.11200,0,0.00000,0,1.41864,144,NaN,NaN,100,144,2,1232.50000,1917.16663,0,0,0.00000,0.00000,NaN
444,0.00000,84,0,84,84,84,151.44766,172.42371,1525.83325,1737.16663,0,0.11200,0.11200,0,0.00000,0,0.82754,84,NaN,NaN,100,84,2,1525.83325,1737.16663,0,0,0.00000,0.00000,NaN
445,0.00000,90,0,90,90,90,148.27148,174.80585,1493.83325,1761.16663,0,0.11200,0.11200,0,0.00000,0,0.88665,90,NaN,NaN,100,90,2,1493.83325,1761.16663,0,0,0.00000,0.00000,NaN
446,0.00000,65,0,65,65,65,131.06717,166.20369,1320.50000,1674.50000,0,0.11200,0.11200,0,0.00000,0,0.64036,65,NaN,NaN,100,65,2,1320.50000,1674.50000,0,0,0.00000,0.00000,NaN
447,0.00000,67,0,67,67,67,125.50885,166.99773,1264.50000,1682.50000,0,0.11200,0.11200,0,0.00000,0,0.66006,67,NaN,NaN,100,67,2,1264.50000,1682.50000,0,0,0.00000,0.00000,NaN
448,0.00000,148,0,148,148,148,99.83471,191.34847,1005.83337,1927.83337,0,0.11200,0.11200,0,0.00000,0,1.45805,148,NaN,NaN,100,148,2,1005.83337,1927.83337,0,0,0.00000,0.00000,NaN
449,0.00000,184,0,184,184,184,104.06961,200.87702,1048.50000,2023.83337,0,0.11200,0.11200,0,0.00000,0,1.81271,184,NaN,NaN,100,184,2,1048.50000,2023.83337,0,0,0.00000,0.00000,NaN
450,0.00000,206,0,206,206,206,113.06879,208.28811,1139.16663,2098.50000,0,0.11200,0.11200,0,0.00000,0,2.02945,206,NaN,NaN,100,206,2,1139.16663,2098.50000,0,0,0.00000,0.00000,NaN
451,0.00000,177,0,177,177,177,127.36163,200.34765,1283.16675,2018.50000,0,0.11200,0.11200,0,0.00000,0,1.74375,177,NaN,NaN,100,177,2,1283.16675,2018.50000,0,0,0.00000,0.00000,NaN
452,0.00000,321,0,321,321,321,149.72724,238.26333,1508.50000,2400.50000,0,0.11200,0.11200,0,0.00000,0,3.16239,321,NaN,NaN,100,321,2,1508.50000,2400.50000,0,0,0.00000,0.00000,NaN
453,0.00000,322,0,322,322,322,154.09449,239.05738,1552.50000,2408.50000,0,0.11200,0.11200,0,0.00000,0,3.17225,322,NaN,NaN,100,322,2,1552.50000,2408.50000,0,0,0.00000,0.00000,NaN
454,0.00000,335,0,335,335,335,152.10938,241.83654,1532.50000,2436.50000,0,0.11200,0.11200,0,0.00000,0,3.30032,335,NaN,NaN,100,335,2,1532.50000,2436.50000,0,0,0.00000,0.00000,NaN
455,0.00000,493,0,493,493,493,113.99518,283.78860,1148.50000,2859.16650,0,0.11200,0.11200,0,0.00000,0,4.85689,493,NaN,NaN,100,493,2,1148.50000,2859.16650,0,0,0.00000,0.00000,NaN
456,0.00000,296,0,296,296,296,119.95053,231.64628,1208.50000,2333.83325,0,0.11200,0.11200,0,0.00000,0,2.91610,296,NaN,NaN,100,296,2,1208.50000,2333.83325,0,0,0.00000,0.00000,NaN
